TransactionNo,Date,ProductNo,ProductName,Price,Quantity,CustomerNo,Country
1,9/12/2019,22485,Set Of 2 Wooden Market Crates,21.47,12,17490,United Kingdom
2,9/13/2019,22596,Christmas Star Wish List Chalkboard,10.65,36,13069,United Kingdom
3,9/14/2019,23235,Storage Tin Vintage Leaf,11.53,12,13069,United Kingdom
4,9/15/2019,23272,Tree T-Light Holder Willie Winkie,10.65,12,13069,United Kingdom
5,9/16/2019,23239,Set Of 4 Knick Knack Tins Poppies,11.94,6,13069,United Kingdom
6,9/17/2019,21705,Bag 500g Swirly Marbles,10.65,24,13069,United Kingdom
7,9/18/2019,22118,Joy Wooden Block Letters,11.53,18,13069,United Kingdom
8,9/19/2019,22119,Peace Wooden Block Letters,12.25,12,13069,United Kingdom
9,9/20/2019,22217,T-Light Holder Hanging Lace,10.65,12,13069,United Kingdom
10,9/21/2019,22216,T-Light Holder White Lace,10.55,24,13069,United Kingdom
11,9/22/2019,22380,Toy Tidy Spaceboy,11.06,20,13069,United Kingdom
12,9/23/2019,22442,Grow Your Own Flowers Set Of 3,12.25,12,13069,United Kingdom
13,9/24/2019,22664,Toy Tidy Dolly Girl Design,11.06,20,13069,United Kingdom
14,9/25/2019,22721,Set Of 3 Cake Tins Sketchbook,12.25,12,13069,United Kingdom
15,9/26/2019,22723,Set Of 6 Herb Tins Sketchbook,11.53,12,13069,United Kingdom
16,9/27/2019,22785,Squarecushion Cover Pink Union Jack,11.53,12,13069,United Kingdom
17,9/28/2019,22955,36 Foil Star Cake Cases,11.06,24,13069,United Kingdom
18,9/29/2019,23141,Triple Wire Hook Pink Heart,11.06,12,13069,United Kingdom
19,9/30/2019,22956,36 Foil Heart Cake Cases,11.06,24,13069,United Kingdom
20,10/1/2019,22581,Wood Stocking Christmas Scandispot,10.55,48,13069,United Kingdom
21,10/2/2019,23198,Pantry Magnetic Shopping List,11.53,48,12433,Norway
22,10/3/2019,23197,Sketchbook Magnetic Shopping List,11.74,24,12433,Norway
23,10/4/2019,23184,Bull Dog Bottle Opener,15.32,8,12433,Norway
24,10/5/2019,23168,Classic Cafe Sugar Dispenser,11.53,12,12433,Norway
25,10/6/2019,23167,Small Ceramic Top Storage Jar,10.96,96,12433,Norway
26,10/7/2019,23166,Medium Ceramic Top Storage Jar,11.32,48,12433,Norway
27,10/8/2019,23165,Large Ceramic Top Storage Jar,11.74,48,12433,Norway
28,10/9/2019,23004,Travel Card Wallet Pantry,10.68,48,12433,Norway
29,10/10/2019,23002,Travel Card Wallet Skulls,10.68,24,12433,Norway
30,10/11/2019,23000,Travel Card Wallet Transport,10.68,24,12433,Norway
31,10/12/2019,22998,Travel Card Wallet Keep Calm,10.68,72,12433,Norway
32,10/13/2019,22994,Travel Card Wallet Retrospot,10.68,48,12433,Norway
33,10/14/2019,22835,Hot Water Bottle I Am So Poorly,15.32,8,12433,Norway
34,10/15/2019,22730,Alarm Clock Bakelike Ivory,14.09,4,12433,Norway
35,10/16/2019,22728,Alarm Clock Bakelike Pink,14.09,8,12433,Norway
36,10/17/2019,22727,Alarm Clock Bakelike Red,14.09,8,12433,Norway
37,10/18/2019,22726,Alarm Clock Bakelike Green,14.09,4,12433,Norway
38,10/19/2019,22720,Set Of 3 Cake Tins Pantry Design,14.61,16,12433,Norway
39,10/20/2019,22693,Grow A Flytrap Or Sunflower In Tin,11.34,192,12433,Norway
40,10/21/2019,22670,French Wc Sign Blue Metal,11.53,24,12433,Norway
41,10/22/2019,22667,Recipe Box Retrospot,12.86,24,12433,Norway
42,10/23/2019,22666,Recipe Box Pantry Yellow Design,12.86,24,12433,Norway
43,10/24/2019,22631,Circus Parade Lunch Box,12.25,12,12433,Norway
44,10/25/2019,22628,Picnic Boxes Set Of 3 Retrospot,15.32,16,12433,Norway
45,10/26/2019,22467,Gumball Coat Rack,12.86,6,12433,Norway
46,10/27/2019,22197,Popcorn Holder,10.99,100,12433,Norway
47,10/28/2019,22114,Hot Water Bottle Tea And Sympathy,14.61,8,12433,Norway
48,10/29/2019,22112,Chocolate Hot Water Bottle,15.32,9,12433,Norway
49,10/30/2019,21908,Chocolate This Way Metal Sign,12.4,36,12433,Norway
50,10/31/2019,21874,Gin And Tonic Mug,11.74,36,12433,Norway
51,11/1/2019,21872,Glamorous Mug,11.53,12,12433,Norway
52,11/2/2019,21871,Save The Planet Mug,11.74,36,12433,Norway
53,11/3/2019,21533,Retrospot Large Milk Jug,15.32,6,12433,Norway
54,11/4/2019,21481,Fawn Blue Hot Water Bottle,14.09,12,12433,Norway
55,11/5/2019,21479,White Skull Hot Water Bottle,14.61,4,12433,Norway
56,11/6/2019,21248,Door Hanger Mum + Dads Room,11.74,12,12433,Norway
57,11/7/2019,21216,Set 3 Retrospot Tea/Coffee/Sugar,14.61,24,12433,Norway
58,11/8/2019,21181,Please One Person Metal Sign,12.15,48,12433,Norway
59,11/9/2019,21175,Gin And Tonic Diet Metal Sign,12.38,48,12433,Norway
60,11/10/2019,21169,You're Confusing Me Metal Sign,11.74,48,12433,Norway
61,11/11/2019,21162,Toxic Area Door Hanger,10.65,24,12433,Norway
62,11/12/2019,21159,Moody Boy Door Hanger,10.65,24,12433,Norway
63,11/13/2019,21158,Moody Girl Door Hanger,10.65,24,12433,Norway
64,11/14/2019,21154,Red Retrospot Oven Glove,11.53,10,12433,Norway
65,11/15/2019,16016,Large Chinese Style Scissor,11.12,40,12433,Norway
66,11/16/2019,16014,Small Chinese Style Scissor,10.68,60,12433,Norway
67,11/17/2019,16008,Small Folding Scissor(Pointed Edge),10.37,240,12433,Norway
68,11/18/2019,85152,Hand Over The Chocolate Sign,12.15,48,12433,Norway
69,11/19/2019,84596F,Small Marshmallows Pink Bowl,10.68,32,12433,Norway
70,11/20/2019,84596B,Small Dolly Mix Design Orange Bowl,10.68,16,12433,Norway
71,11/21/2019,84510A,Set Of 4 English Rose Coasters,11.53,20,12433,Norway
72,11/22/2019,82600,N0 Singing Metal Sign,12.15,48,12433,Norway
73,11/23/2019,82581,Toilet Metal Sign,10.81,48,12433,Norway
74,11/24/2019,72232,Feng Shui Pillar Candle,10.44,144,12433,Norway
75,11/25/2019,47559B,Tea Time Oven Glove,11.53,10,12433,Norway
76,11/26/2019,47504H,English Rose Spirit Level,11.06,36,12433,Norway
77,11/27/2019,23493,Vintage Doily Travel Sewing Kit,12.25,30,12433,Norway
78,11/28/2019,23430,Blue Retro Kitchen Wall Clock,18.6,2,12433,Norway
79,11/29/2019,23429,Red Retro Kitchen Wall Clock,18.6,2,12433,Norway
80,11/30/2019,23428,Ivory Retro Kitchen Wall Clock,18.6,2,12433,Norway
81,12/1/2019,23358,Hot Stuff Hot Water Bottle,11.53,18,12433,Norway
82,12/2/2019,23293,Set Of 12 Fairy Cake Baking Cases,11.1,32,12433,Norway
83,12/3/2019,23243,Set Of Tea Coffee Sugar Tins Pantry,15.32,12,12433,Norway
84,12/4/2019,23240,Set Of 4 Knick Knack Tins Doily,14.5,6,12433,Norway
85,12/5/2019,48111,Doormat 3 Smiley Cats,17.51,10,13426,United Kingdom
86,12/6/2019,22464,Hanging Metal Heart Lantern,11.06,12,13426,United Kingdom
87,12/7/2019,20982,12 Pencils Tall Tube Skulls,11.12,12,13426,United Kingdom
88,12/8/2019,20981,12 Pencils Tall Tube Woodland,11.12,12,13426,United Kingdom
89,12/9/2019,23424,Gingham Recipe Book Box,15.32,8,13426,United Kingdom
90,12/10/2019,23338,Egg Frying Pan Red,12.15,48,13426,United Kingdom
91,12/11/2019,84970L,Single Heart Zinc T-Light Holder,11.53,12,13426,United Kingdom
92,12/12/2019,22457,Natural Slate Heart Chalkboard,13.27,6,13426,United Kingdom
93,12/13/2019,22469,Heart Of Wicker Small,11.94,12,13426,United Kingdom
94,12/14/2019,22909,Set Of 20 Vintage Christmas Napkins,11.12,12,13426,United Kingdom
95,12/15/2019,84947,Antique Silver Tea Glass Engraved,11.53,24,17364,United Kingdom
96,12/16/2019,23503,Playing Cards Keep Calm & Carry On,11.53,12,17364,United Kingdom
97,12/17/2019,23445,Ice Cream Bubbles,11.1,20,17364,United Kingdom
98,12/18/2019,23530,Wall Art Only One Person,15.32,12,17364,United Kingdom
99,12/19/2019,84997C,Childrens Cutlery Polkadot Blue,14.5,4,17364,United Kingdom
100,12/20/2019,84997D,Childrens Cutlery Polkadot Pink,14.5,4,17364,United Kingdom
101,12/21/2019,84077,World War 2 Gliders Asstd Designs,10.55,48,17364,United Kingdom
102,12/22/2019,22749,Feltcraft Princess Charlotte Doll,14.09,4,17364,United Kingdom
103,12/23/2019,23127,Feltcraft Girl Nicole Kit,15.32,4,17364,United Kingdom
104,12/24/2019,23126,Feltcraft Girl Amelie Kit,15.32,4,17364,United Kingdom
105,12/25/2019,22747,Poppy's Playhouse Bathroom,12.4,6,17364,United Kingdom
106,12/26/2019,22078,Ribbon Reel Lace Design,12.4,10,17364,United Kingdom
107,12/27/2019,84946,Antique Silver T-Light Glass,11.53,12,17364,United Kingdom
108,12/28/2019,22791,T-Light Glass Fluted Antique,11.53,12,17364,United Kingdom
109,12/29/2019,21326,Aged Glass Silver T-Light Holder,10.92,12,17364,United Kingdom
110,12/30/2019,22170,Picture Frame Wood Triple Portrait,17.17,8,17364,United Kingdom
111,12/31/2019,23082,Set 6 Paper Table Lantern Hearts,14.09,6,17364,United Kingdom
112,1/1/2020,22909,Set Of 20 Vintage Christmas Napkins,11.12,24,17364,United Kingdom
113,1/2/2020,22087,Paper Bunting White Lace,13.27,10,17364,United Kingdom
114,1/3/2020,23464,Vintage Zinc Watering Can Small,15.32,4,14441,United Kingdom
115,1/4/2020,22411,Jumbo Shopper Vintage Red Paisley,12.38,10,14441,United Kingdom
116,1/5/2020,84029E,Red Woolly Hottie White Heart,14.61,8,14441,United Kingdom
117,1/6/2020,22633,Hand Warmer Union Jack,12.4,12,14441,United Kingdom
118,1/7/2020,23355,Hot Water Bottle Keep Calm,15.32,12,14441,United Kingdom
119,1/8/2020,84029G,Knitted Union Flag Hot Water Bottle,14.61,12,14441,United Kingdom
120,1/9/2020,22112,Chocolate Hot Water Bottle,15.32,6,14441,United Kingdom
121,1/10/2020,84347,Rotating Silver Angels T-Light Hldr,12.86,18,14441,United Kingdom
122,1/11/2020,21115,Rose Caravan Doorstop,12.25,8,17490,United Kingdom
123,1/12/2020,22059,Ceramic Strawberry Design Mug,10.65,24,17490,United Kingdom
124,1/13/2020,22072,Red Retrospot Tea Cup And Saucer,11.53,24,17490,United Kingdom
125,1/14/2020,22123,Ping Microwave Apron,11.06,24,17490,United Kingdom
126,1/15/2020,22476,Empire Union Jack Tv Dinner Tray,12.25,8,17490,United Kingdom
127,1/16/2020,22495,Set Of 2 Round Tins Camembert,11.06,12,17490,United Kingdom
128,1/17/2020,22496,Set Of 2 Round Tins Dutch Cheese,11.06,12,17490,United Kingdom
129,1/18/2020,22513,Doorstop Football Design,11.06,8,17490,United Kingdom
130,1/19/2020,22500,Set Of 2 Tins Jardin De Provence,11.53,12,17490,United Kingdom
131,1/20/2020,22664,Toy Tidy Dolly Girl Design,11.06,20,17490,United Kingdom
132,1/21/2020,22721,Set Of 3 Cake Tins Sketchbook,12.25,12,17490,United Kingdom
133,1/22/2020,22785,Squarecushion Cover Pink Union Jack,11.53,12,17490,United Kingdom
134,1/23/2020,23178,Jam Clock Magnet,11.53,12,17490,United Kingdom
135,1/24/2020,23302,Kneeling Mat Housework Design,11.06,24,17490,United Kingdom
136,1/25/2020,23533,Wall Art Garden Haven,12.25,6,17490,United Kingdom
137,1/26/2020,84819,Danish Rose Round Sewing Box,11.06,16,17490,United Kingdom
138,1/27/2020,22371,Airline Bag Vintage Tokyo 78,14.3,12,17490,United Kingdom
139,1/28/2020,21875,Kings Choice Mug,11.34,36,17490,United Kingdom
140,1/29/2020,23251,Vintage Red Enamel Trim Mug,11.32,96,17490,United Kingdom
141,1/30/2020,23300,Gardeners Kneeling Pad Cup Of Tea,11.74,48,17490,United Kingdom
142,1/31/2020,22138,Baking Set 9 Piece Retrospot,14.61,24,17490,United Kingdom
143,2/1/2020,23843,Paper Craft Little Birdie,12.38,80995,16446,United Kingdom
144,2/2/2020,22617,Baking Set Spaceboy Design,15.32,18,17389,United Kingdom
145,2/3/2020,20749,Assorted Colour Mini Cases,16.76,84,17389,United Kingdom
146,2/4/2020,22910,Paper Chain Kit Vintage Christmas,13.27,12,17001,United Kingdom
147,2/5/2020,22086,Paper Chain Kit 50'S Christmas,13.27,12,17001,United Kingdom
148,2/6/2020,23351,Roll Wrap 50'S Christmas,6.19,12,17001,United Kingdom
149,2/7/2020,23352,Roll Wrap 50'S Red Christmas,6.19,12,17001,United Kingdom
150,2/8/2020,22727,Alarm Clock Bakelike Red,6.19,8,17001,United Kingdom
151,2/9/2020,22730,Alarm Clock Bakelike Ivory,6.19,4,17001,United Kingdom
152,2/10/2020,22491,Pack Of 12 Coloured Pencils,6.04,12,17001,United Kingdom
153,2/11/2020,22561,Wooden School Colouring Set,6.04,12,17001,United Kingdom
154,2/12/2020,22489,Pack Of 12 Traditional Crayons,6.04,24,17001,United Kingdom
155,2/13/2020,22560,Traditional Modelling Clay,6.04,24,17001,United Kingdom
156,2/14/2020,22139,Retrospot Tea Set Ceramic 11 Pc,6.04,6,17001,United Kingdom
157,2/15/2020,23344,Jumbo Bag 50'S Christmas,6.19,20,17001,United Kingdom
158,2/16/2020,23203,Jumbo Bag Vintage Doily,6.19,20,17001,United Kingdom
159,2/17/2020,85099B,Jumbo Bag Red Retrospot,6.19,10,17001,United Kingdom
160,2/18/2020,23201,Jumbo Bag Alphabet,6.19,20,17001,United Kingdom
161,2/19/2020,23207,Lunch Bag Alphabet Design,6.19,10,17001,United Kingdom
162,2/20/2020,21137,Black Record Cover Frame,6.04,120,15694,United Kingdom
163,2/21/2020,23118,Parisienne Jewellery Drawer,6.04,16,17428,United Kingdom
164,2/22/2020,23111,Parisienne Sewing Box,6.04,16,17428,United Kingdom
165,2/23/2020,22179,Set 10 Night Owl Lights,6.04,24,17428,United Kingdom
166,2/24/2020,22061,Large Cake Stand Hanging Strawbery,7.24,48,16954,United Kingdom
167,2/25/2020,22182,Cake Stand Victorian Filigree Small,7.24,24,16954,United Kingdom
168,2/26/2020,23571,Traditional Naughts & Crosses,7.24,12,12433,Norway
169,2/27/2020,23369,Set 36 Colour Pencils Love London,6.19,2,15492,United Kingdom
170,2/28/2020,23370,Set 36 Colouring Pencils Doily,6.19,2,15492,United Kingdom
171,2/29/2020,23371,Set 36 Colour Pencils Spaceboy,6.19,3,15492,United Kingdom
172,3/1/2020,23372,Set 36 Colour Pencils Dolly Girl,6.19,1,15492,United Kingdom
173,3/2/2020,23376,Pack Of 12 Vintage Christmas Tissue,6.19,3,15492,United Kingdom
174,3/3/2020,23377,Pack Of 12 Dolly Girl Tissues,6.19,6,15492,United Kingdom
175,3/4/2020,23378,Pack Of 12 50'S Christmas Tissues,6.19,9,15492,United Kingdom
176,3/5/2020,23379,Pack Of 12 Red Apple Tissues,6.19,4,15492,United Kingdom
177,3/6/2020,23380,Pack Of 12 Vintage Doily Tissues,6.19,3,15492,United Kingdom
178,3/7/2020,23381,Pack Of 12 Vintage Leaf Tissues,6.19,1,15492,United Kingdom
179,3/8/2020,23382,Box Of 6 Christmas Cake Decorations,6.19,4,15492,United Kingdom
180,3/9/2020,23391,I Love London Mini Backpack,6.19,2,15492,United Kingdom
181,3/10/2020,23392,Spaceboy Rocket Lolly Makers,6.19,2,15492,United Kingdom
182,3/11/2020,23399,Home Sweet Home Hanging Heart,6.19,4,15492,United Kingdom
183,3/12/2020,23405,Home Sweet Home 2 Drawer Cabinet,6.19,3,15492,United Kingdom
184,3/13/2020,23418,Lavender Toilette Bottle,6.19,1,15492,United Kingdom
185,3/14/2020,23426,Metal Sign Drop Your Pants,6.19,1,15492,United Kingdom
186,3/15/2020,23434,3 Raffia Ribbons 50'S Christmas,6.19,9,15492,United Kingdom
187,3/16/2020,23435,3 Raffia Ribbons Vintage Christmas,6.04,3,15492,United Kingdom
188,3/17/2020,23439,Hand Warmer Red Love Heart,6.19,1,15492,United Kingdom
189,3/18/2020,23451,Square Mini Portrait Frame,6.19,1,15492,United Kingdom
190,3/19/2020,23467,Vintage Zinc Planter,6.19,1,15492,United Kingdom
191,3/20/2020,23469,Card Holder Love Bird Small,6.19,3,15492,United Kingdom
192,3/21/2020,23480,Mini Lights Woodland Mushrooms,6.19,2,15492,United Kingdom
193,3/22/2020,23493,Vintage Doily Travel Sewing Kit,6.19,3,15492,United Kingdom
194,3/23/2020,23494,Vintage Doily Deluxe Sewing Kit,6.19,1,15492,United Kingdom
195,3/24/2020,23495,Set Of 3 Pantry Wooden Spoons,6.19,1,15492,United Kingdom
196,3/25/2020,23497,Classic Chrome Bicycle Bell,6.19,4,15492,United Kingdom
197,3/26/2020,23498,Classic Bicycle Clips,6.19,2,15492,United Kingdom
198,3/27/2020,23501,Key Ring Baseball Boot Union Jack,6.19,3,15492,United Kingdom
199,3/28/2020,23506,Mini Playing Cards Spaceboy,6.04,1,15492,United Kingdom
200,3/29/2020,23508,Mini Playing Cards Dolly Girl,6.04,2,15492,United Kingdom
201,3/30/2020,23510,Mini Playing Cards Gymkhana,6.04,1,15492,United Kingdom
202,3/31/2020,23521,Wall Art Cat And Bird,6.04,1,15492,United Kingdom
203,4/1/2020,23526,Wall Art Dog Licence,6.04,4,15492,United Kingdom
204,4/2/2020,23530,Wall Art Only One Person,6.04,2,15492,United Kingdom
205,4/3/2020,23534,Wall Art Stop For Tea,6.19,6,15492,United Kingdom
206,4/4/2020,23535,Wall Art Bicycle Safety,6.19,4,15492,United Kingdom
207,4/5/2020,23536,Wall Art Village Show,6.19,1,15492,United Kingdom
208,4/6/2020,23538,Wall Art Vintage Heart,6.19,1,15492,United Kingdom
209,4/7/2020,23551,Pack Of 12 Paisley Park Tissues,6.19,1,15492,United Kingdom
210,4/8/2020,23552,Bicycle Puncture Repair Kit,6.19,12,15492,United Kingdom
211,4/9/2020,23555,Landmark Frame Notting Hill,6.19,1,15492,United Kingdom
212,4/10/2020,23559,Woodland Bunnies Lolly Makers,6.19,5,15492,United Kingdom
213,4/11/2020,23561,Set Of 6 Ribbons Party,6.19,1,15492,United Kingdom
214,4/12/2020,23564,Egg Cup Milkmaid Ingrid,6.19,2,15492,United Kingdom
215,4/13/2020,23565,Egg Cup Milkmaid Helga,6.19,2,15492,United Kingdom
216,4/14/2020,23567,Egg Cup Henrietta Hen Pink,6.19,1,15492,United Kingdom
217,4/15/2020,23569,Tradtional Alphabet Stamp Set,6.19,2,15492,United Kingdom
218,4/16/2020,23570,Traditional Pick Up Sticks Game,6.19,7,15492,United Kingdom
219,4/17/2020,23571,Traditional Naughts & Crosses,6.19,2,15492,United Kingdom
220,4/18/2020,23575,Snack Tray Paisley Park,6.19,3,15492,United Kingdom
221,4/19/2020,23579,Snack Tray I Love London,6.19,1,15492,United Kingdom
222,4/20/2020,23611,Set 10 Cards Red Riding Hood 17214,6.19,3,15492,United Kingdom
223,4/21/2020,23616,Set 10 Cards Jingle Bells 17217,6.19,1,15492,United Kingdom
224,4/22/2020,23621,Set 10 Cards David's Madonna 17074,6.19,3,15492,United Kingdom
225,4/23/2020,23635,Set 10 Cards Christmas Holly 17259,6.19,1,15492,United Kingdom
226,4/24/2020,23644,Set 10 Cards Christmas Tree 16955,6.19,1,15492,United Kingdom
227,4/25/2020,23660,Henrietta Hen Mug,6.19,1,15492,United Kingdom
228,4/26/2020,23661,Milk Maids Mug,6.19,1,15492,United Kingdom
229,4/27/2020,35095A,Blue Victorian Fabric Oval Box,6.19,1,15492,United Kingdom
230,4/28/2020,35095B,Red Victorian Fabric Oval Box,6.19,1,15492,United Kingdom
231,4/29/2020,35646,Vintage Bead Pink Evening Bag,6.19,1,15492,United Kingdom
232,4/30/2020,35648,Vintage Bead Pink Purse,6.19,2,15492,United Kingdom
233,5/1/2020,35953,Folkart Star Christmas Decorations,6.19,12,15492,United Kingdom
234,5/2/2020,35964,Folkart Clip On Stars,6.19,4,15492,United Kingdom
235,5/3/2020,35970,Zinc Folkart Sleigh Bells,6.04,1,15492,United Kingdom
236,5/4/2020,46118,Funky Monkey Cushion Cover,6.19,1,15492,United Kingdom
237,5/5/2020,46776A,Woven Bubble Gum Cushion Cover,7.24,2,15492,United Kingdom
238,5/6/2020,46776B,Woven Berries Cushion Cover,7.24,3,15492,United Kingdom
239,5/7/2020,46776C,Woven Frost Cushion Cover,7.24,1,15492,United Kingdom
240,5/8/2020,46776D,Woven Sunset Cushion Cover,7.24,2,15492,United Kingdom
241,5/9/2020,46776E,Woven Candy Cushion Cover,7.24,5,15492,United Kingdom
242,5/10/2020,46776F,Woven Rose Garden Cushion Cover,7.24,6,15492,United Kingdom
243,5/11/2020,47310M,Small Pop Box Funky Monkey,6.19,1,15492,United Kingdom
244,5/12/2020,47480,Hanging Photo Clip Rope Ladder,6.19,3,15492,United Kingdom
245,5/13/2020,47504H,English Rose Spirit Level,7.24,1,15492,United Kingdom
246,5/14/2020,47559B,Tea Time Oven Glove,7.24,3,15492,United Kingdom
247,5/15/2020,47563A,Retro Longboard Ironing Board Cover,7.24,2,15492,United Kingdom
248,5/16/2020,47566,Party Bunting,7.24,2,15492,United Kingdom
249,5/17/2020,47590B,Pink Happy Birthday Bunting,7.24,1,15492,United Kingdom
250,5/18/2020,51014A,Feather Pen Hot Pink,7.24,2,15492,United Kingdom
251,5/19/2020,51014L,Feather Pen Light Pink,7.24,1,15492,United Kingdom
252,5/20/2020,71270,Photo Clip Line,7.24,1,15492,United Kingdom
253,5/21/2020,72349B,Set/6 Purple Butterfly T-Lights,6.39,1,15492,United Kingdom
254,5/22/2020,72741,Grand Chocolatecandle,7.24,3,15492,United Kingdom
255,5/23/2020,72800E,4 Ivory Dinner Candles Silver Flock,7.24,3,15492,United Kingdom
256,5/24/2020,79321,Chilli Lights,6.19,1,15492,United Kingdom
257,5/25/2020,82484,Wood Black Board Ant White Finish,6.19,2,15492,United Kingdom
258,5/26/2020,82567,Airline Lounge Metal Sign,6.19,2,15492,United Kingdom
259,5/27/2020,82582,Area Patrolled Metal Sign,6.19,1,15492,United Kingdom
260,5/28/2020,82600,N0 Singing Metal Sign,6.19,1,15492,United Kingdom
261,5/29/2020,84031A,Charlie+Lola Red Hot Water Bottle,6.19,4,15492,United Kingdom
262,5/30/2020,84077,World War 2 Gliders Asstd Designs,6.19,1,15492,United Kingdom
263,5/31/2020,84249A,Greeting Card Square Doughnuts,6.19,1,15492,United Kingdom
264,6/1/2020,84347,Rotating Silver Angels T-Light Hldr,6.19,2,15492,United Kingdom
265,6/2/2020,84375,Set Of 20 Kids Cookie Cutters,6.19,1,15492,United Kingdom
266,6/3/2020,84378,Set Of 3 Heart Cookie Cutters,6.19,4,15492,United Kingdom
267,6/4/2020,84519B,Carrot Charlie+Lola Coaster Set,6.19,1,15492,United Kingdom
268,6/5/2020,84559A,3d Sheet Of Dog Stickers,6.19,2,15492,United Kingdom
269,6/6/2020,84568,Girls Alphabet Iron On Patches,6.19,31,15492,United Kingdom
270,6/7/2020,84569D,Pack 6 Heart/Ice-Cream Patches,6.19,1,15492,United Kingdom
271,6/8/2020,84596B,Small Dolly Mix Design Orange Bowl,6.19,4,15492,United Kingdom
272,6/9/2020,84596F,Small Marshmallows Pink Bowl,6.19,4,15492,United Kingdom
273,6/10/2020,84598,Boys Alphabet Iron On Patches,6.19,5,15492,United Kingdom
274,6/11/2020,84692,Box Of 24 Cocktail Parasols,6.19,1,15492,United Kingdom
275,6/12/2020,84755,Colour Glass T-Light Holder Hanging,6.19,4,15492,United Kingdom
276,6/13/2020,84828,Jungle Popsicles Ice Lolly Moulds,6.19,1,15492,United Kingdom
277,6/14/2020,84879,Assorted Colour Bird Ornament,6.19,16,15492,United Kingdom
278,6/15/2020,84923,Pink Butterfly Handbag W Bobbles,6.04,3,15492,United Kingdom
279,6/16/2020,84946,Antique Silver T-Light Glass,6.04,18,15492,United Kingdom
280,6/17/2020,84970S,Hanging Heart Zinc T-Light Holder,6.04,3,15492,United Kingdom
281,6/18/2020,84978,Hanging Heart Jar T-Light Holder,6.04,4,15492,United Kingdom
282,6/19/2020,84991,60 Teatime Fairy Cake Cases,6.04,1,15492,United Kingdom
283,6/20/2020,84997A,Childrens Cutlery Polkadot Green,6.04,1,15492,United Kingdom
284,6/21/2020,84997B,Childrens Cutlery Retrospot Red,6.04,1,15492,United Kingdom
285,6/22/2020,20733,Gold Mini Tape Measure,6.04,3,15492,United Kingdom
286,6/23/2020,20777,Chrysanthemum Notebook,6.19,2,15492,United Kingdom
287,6/24/2020,20782,Camouflage Ear Muff Headphones,6.19,1,15492,United Kingdom
288,6/25/2020,20914,Set/5 Red Retrospot Lid Glass Bowls,6.19,2,15492,United Kingdom
289,6/26/2020,20931,Blue Pot Plant Candle,6.19,1,15492,United Kingdom
290,6/27/2020,20970,Pink Floral Feltcraft Shoulder Bag,6.19,1,15492,United Kingdom
291,6/28/2020,20971,Pink Blue Felt Craft Trinket Box,6.19,2,15492,United Kingdom
292,6/29/2020,20972,Pink Cream Felt Craft Trinket Box,6.19,3,15492,United Kingdom
293,6/30/2020,20973,12 Pencil Small Tube Woodland,6.19,4,15492,United Kingdom
294,7/1/2020,20978,36 Pencils Tube Skulls,6.19,1,15492,United Kingdom
295,7/2/2020,20979,36 Pencils Tube Red Retrospot,6.19,3,15492,United Kingdom
296,7/3/2020,20982,12 Pencils Tall Tube Skulls,6.19,2,15492,United Kingdom
297,7/4/2020,20983,12 Pencils Tall Tube Red Retrospot,6.19,4,15492,United Kingdom
298,7/5/2020,20985,Heart Calculator,6.19,1,15492,United Kingdom
299,7/6/2020,20986,Blue Calculator Ruler,6.19,1,15492,United Kingdom
300,7/7/2020,21000,Rose Du Sud Cosmetics Bag,6.19,1,15492,United Kingdom
301,7/8/2020,21012,Antique All Glass Candlestick,6.19,3,15492,United Kingdom
302,7/9/2020,21015,Dark Bird House Tree Decoration,6.19,8,15492,United Kingdom
303,7/10/2020,21026,Space Owl,6.19,1,15492,United Kingdom
304,7/11/2020,21035,Set/2 Red Retrospot Tea Towels,6.19,1,15492,United Kingdom
305,7/12/2020,21064,Boom Box Speaker Boys,6.19,4,15492,United Kingdom
306,7/13/2020,21065,Boom Box Speaker Girls,6.19,2,15492,United Kingdom
307,7/14/2020,21098,Christmas Toilet Roll,6.19,1,15492,United Kingdom
308,7/15/2020,21123,Set/10 Ivory Polkadot Party Candles,6.19,1,15492,United Kingdom
309,7/16/2020,21125,Set 6 Football Celebration Candles,6.19,1,15492,United Kingdom
310,7/17/2020,21126,Set Of 6 Girls Celebration Candles,6.19,1,15492,United Kingdom
311,7/18/2020,21137,Black Record Cover Frame,6.19,17,15492,United Kingdom
312,7/19/2020,21154,Red Retrospot Oven Glove,6.19,2,15492,United Kingdom
313,7/20/2020,21158,Moody Girl Door Hanger,6.19,1,15492,United Kingdom
314,7/21/2020,21162,Toxic Area Door Hanger,6.19,1,15492,United Kingdom
315,7/22/2020,21166,Cook With Wine Metal Sign,6.19,2,15492,United Kingdom
316,7/23/2020,21172,Party Metal Sign,6.19,1,15492,United Kingdom
317,7/24/2020,21174,Pottering In The Shed Metal Sign,6.19,2,15492,United Kingdom
318,7/25/2020,21175,Gin And Tonic Diet Metal Sign,6.19,2,15492,United Kingdom
319,7/26/2020,21200,Multicolour Honeycomb Paper Garland,6.04,6,15492,United Kingdom
320,7/27/2020,21201,Tropical Honeycomb Paper Garland,6.04,4,15492,United Kingdom
321,7/28/2020,21212,Pack Of 72 Retrospot Cake Cases,6.04,2,15492,United Kingdom
322,7/29/2020,21213,Pack Of 72 Skull Cake Cases,6.04,2,15492,United Kingdom
323,7/30/2020,21220,Set/4 Badges Dogs,6.19,2,15492,United Kingdom
324,7/31/2020,21224,Set/4 Skull Badges,6.19,1,15492,United Kingdom
325,8/1/2020,21232,Strawberry Ceramic Trinket Pot,6.19,1,15492,United Kingdom
326,8/2/2020,21257,Victorian Sewing Box Medium,6.19,2,15492,United Kingdom
327,8/3/2020,21258,Victorian Sewing Box Large,6.19,1,15492,United Kingdom
328,8/4/2020,21259,Victorian Sewing Box Small,6.19,1,15492,United Kingdom
329,8/5/2020,21313,Glass Heart T-Light Holder,6.19,1,15492,United Kingdom
330,8/6/2020,21314,Small Glass Heart Trinket Pot,6.19,2,15492,United Kingdom
331,8/7/2020,21328,Balloons Writing Set,6.19,2,15492,United Kingdom
332,8/8/2020,21329,Dinosaurs Writing Set,6.19,2,15492,United Kingdom
333,8/9/2020,21356,Toast Its - Fairy Flower,6.19,16,15492,United Kingdom
334,8/10/2020,21378,Small Tall Camphor Wood Toadstool,6.19,2,15492,United Kingdom
335,8/11/2020,21379,Camphor Wood Portobello Mushroom,6.19,1,15492,United Kingdom
336,8/12/2020,21383,Pack Of 12 Sticky Bunnies,6.19,1,15492,United Kingdom
337,8/13/2020,21402,Red Egg Spoon,6.19,1,15492,United Kingdom
338,8/14/2020,21408,Spotty Pink Duck Doorstop,6.19,2,15492,United Kingdom
339,8/15/2020,21411,Gingham Heart Doorstop Red,6.19,1,15492,United Kingdom
340,8/16/2020,21467,Cherry Crochet Food Cover,6.19,1,15492,United Kingdom
341,8/17/2020,21471,Strawberry Raffia Food Cover,6.19,2,15492,United Kingdom
342,8/18/2020,21479,White Skull Hot Water Bottle,6.19,2,15492,United Kingdom
343,8/19/2020,21481,Fawn Blue Hot Water Bottle,6.19,3,15492,United Kingdom
344,8/20/2020,21484,Chick Grey Hot Water Bottle,6.19,1,15492,United Kingdom
345,8/21/2020,21485,Retrospot Heart Hot Water Bottle,6.19,1,15492,United Kingdom
346,8/22/2020,21494,Rotating Leaves T-Light Holder,6.19,11,15492,United Kingdom
347,8/23/2020,21506,Fancy Font Birthday Card,6.19,3,15492,United Kingdom
348,8/24/2020,21507,Elephant Birthday Card,7.24,1,15492,United Kingdom
349,8/25/2020,21508,Vintage Kid Dolly Card,7.24,1,15492,United Kingdom
350,8/26/2020,21509,Cowboys And Indians Birthday Card,7.24,2,15492,United Kingdom
351,8/27/2020,21528,Dairy Maid Traditional Teapot,7.24,1,15492,United Kingdom
352,8/28/2020,21544,Skulls Water Transfer Tattoos,7.24,2,15492,United Kingdom
353,8/29/2020,21558,Skull Lunch Box With Cutlery,6.39,1,15492,United Kingdom
354,8/30/2020,21559,Strawberry Lunch Box With Cutlery,7.24,1,15492,United Kingdom
355,8/31/2020,21615,4 Lavender Botanical Dinner Candles,7.24,2,15492,United Kingdom
356,9/1/2020,21616,4 Pear Botanical Dinner Candles,7.24,6,15492,United Kingdom
357,9/2/2020,21620,Set Of 4 Rose Botanical Candles,7.24,5,15492,United Kingdom
358,9/3/2020,21642,Assorted Tutti Frutti Pen,7.24,4,15492,United Kingdom
359,9/4/2020,21648,Assorted Tutti Frutti Small Purse,7.24,2,15492,United Kingdom
360,9/5/2020,21650,Assorted Tutti Frutti Bracelet,7.24,14,15492,United Kingdom
361,9/6/2020,21675,Butterflies Stickers,6.19,2,15492,United Kingdom
362,9/7/2020,21677,Hearts Stickers,6.19,1,15492,United Kingdom
363,9/8/2020,21678,Paisley Pattern Stickers,6.19,2,15492,United Kingdom
364,9/9/2020,21680,Woodland Stickers,6.19,1,15492,United Kingdom
365,9/10/2020,21703,Bag 125g Swirly Marbles,6.19,1,15492,United Kingdom
366,9/11/2020,21704,Bag 250g Swirly Marbles,6.19,1,15492,United Kingdom
367,9/12/2020,21716,Boys Vintage Tin Seaside Bucket,6.19,1,15492,United Kingdom
368,9/13/2020,21718,Red Metal Beach Spade,6.19,1,15492,United Kingdom
369,9/14/2020,21724,Panda And Bunnies Sticker Sheet,6.19,1,15492,United Kingdom
370,9/15/2020,21731,Red Toadstool Led Night Light,6.19,6,15492,United Kingdom
371,9/16/2020,21739,Cosy Slipper Shoes Small Green,6.19,2,15492,United Kingdom
372,9/17/2020,21774,Decorative Cats Bathroom Bottle,6.19,1,15492,United Kingdom
373,9/18/2020,21786,Polkadot Rain Hat,6.19,3,15492,United Kingdom
374,9/19/2020,21787,Rain Poncho Retrospot,6.19,2,15492,United Kingdom
375,9/20/2020,21790,Vintage Snap Cards,6.19,5,15492,United Kingdom
376,9/21/2020,21791,Vintage Heads And Tails Card Game,6.19,1,15492,United Kingdom
377,9/22/2020,21808,Christmas Garland Stars Trees,6.19,3,15492,United Kingdom
378,9/23/2020,21810,Christmas Hanging Star With Bell,6.19,25,15492,United Kingdom
379,9/24/2020,21812,Garland With Hearts And Bells,6.19,7,15492,United Kingdom
380,9/25/2020,21813,Garland With Stars And Bells,6.19,3,15492,United Kingdom
381,9/26/2020,21822,Glitter Christmas Tree With Bells,6.19,12,15492,United Kingdom
382,9/27/2020,21828,Eight Piece Snake Set,6.19,1,15492,United Kingdom
383,9/28/2020,21832,Chocolate Calculator,6.19,1,15492,United Kingdom
384,9/29/2020,21833,Camouflage Led Torch,6.04,2,15492,United Kingdom
385,9/30/2020,21871,Save The Planet Mug,6.19,1,15492,United Kingdom
386,10/1/2020,21874,Gin And Tonic Mug,6.19,2,15492,United Kingdom
387,10/2/2020,21876,Pottering Mug,6.19,4,15492,United Kingdom
388,10/3/2020,21879,Hearts Gift Tape,6.19,1,15492,United Kingdom
389,10/4/2020,21889,Wooden Box Of Dominoes,6.19,3,15492,United Kingdom
390,10/5/2020,21890,S/6 Wooden Skittles In Cotton Bag,6.19,1,15492,United Kingdom
391,10/6/2020,21892,Traditional Wooden Catch Cup Game,6.19,1,15492,United Kingdom
392,10/7/2020,21900,Key Fob Shed,6.19,4,15492,United Kingdom
393,10/8/2020,21901,Key Fob Back Door,6.19,2,15492,United Kingdom
394,10/9/2020,21902,Key Fob Front Door,6.19,1,15492,United Kingdom
395,10/10/2020,21905,More Butter Metal Sign,6.19,1,15492,United Kingdom
396,10/11/2020,21906,Pharmacie First Aid Tin,6.19,1,15492,United Kingdom
397,10/12/2020,21914,Blue Harmonica In Box,6.19,2,15492,United Kingdom
398,10/13/2020,21916,Set 12 Retro White Chalk Sticks,6.19,2,15492,United Kingdom
399,10/14/2020,21930,Jumbo Storage Bag Skulls,6.19,1,15492,United Kingdom
400,10/15/2020,21931,Jumbo Storage Bag Suki,6.19,1,15492,United Kingdom
401,10/16/2020,21932,Scandinavian Paisley Picnic Bag,6.19,1,15492,United Kingdom
402,10/17/2020,21934,Skull Shoulder Bag,6.19,3,15492,United Kingdom
403,10/18/2020,21935,Suki Shoulder Bag,6.19,9,15492,United Kingdom
404,10/19/2020,21936,Red Retrospot Picnic Bag,6.19,1,15492,United Kingdom
405,10/20/2020,21942,Skulls Design Flannel,6.19,2,15492,United Kingdom
406,10/21/2020,21945,Strawberries Design Flannel,6.19,2,15492,United Kingdom
407,10/22/2020,21947,Set Of 6 Heart Chopsticks,6.19,1,15492,United Kingdom
408,10/23/2020,21949,Set Of 6 Strawberry Chopsticks,6.19,2,15492,United Kingdom
409,10/24/2020,21967,Pack Of 12 Skull Tissues,6.19,1,15492,United Kingdom
410,10/25/2020,21976,Pack Of 60 Mushroom Cake Cases,6.19,3,15492,United Kingdom
411,10/26/2020,21977,Pack Of 60 Pink Paisley Cake Cases,6.19,2,15492,United Kingdom
412,10/27/2020,21980,Pack Of 12 Red Retrospot Tissues,6.19,2,15492,United Kingdom
413,10/28/2020,21981,Pack Of 12 Woodland Tissues,6.19,4,15492,United Kingdom
414,10/29/2020,21982,Pack Of 12 Suki Tissues,6.19,2,15492,United Kingdom
415,10/30/2020,21983,Pack Of 12 Blue Paisley Tissues,6.19,1,15492,United Kingdom
416,10/31/2020,21984,Pack Of 12 Pink Paisley Tissues,6.19,1,15492,United Kingdom
417,11/1/2020,21986,Pack Of 12 Pink Polkadot Tissues,6.19,3,15492,United Kingdom
418,11/2/2020,21989,Pack Of 20 Skull Paper Napkins,6.19,2,15492,United Kingdom
419,11/3/2020,21990,Modern Floral Stationery Set,6.19,8,15492,United Kingdom
420,11/4/2020,21993,Floral Folk Stationery Set,6.19,8,15492,United Kingdom
421,11/5/2020,22024,Rainy Ladies Birthday Card,6.19,3,15492,United Kingdom
422,11/6/2020,22025,Ring Of Roses Birthday Card,6.19,3,15492,United Kingdom
423,11/7/2020,22026,Banquet Birthday Card,6.19,4,15492,United Kingdom
424,11/8/2020,22027,Tea Party Birthday Card,6.19,2,15492,United Kingdom
425,11/9/2020,22028,Penny Farthing Birthday Card,6.19,1,15492,United Kingdom
426,11/10/2020,22029,Spaceboy Birthday Card,6.19,4,15492,United Kingdom
427,11/11/2020,22031,Botanical Lavender Birthday Card,6.19,1,15492,United Kingdom
428,11/12/2020,22037,Robot Birthday Card,6.19,4,15492,United Kingdom
429,11/13/2020,22064,Pink Doughnut Trinket Pot,6.19,1,15492,United Kingdom
430,11/14/2020,22065,Christmas Pudding Trinket Pot,6.19,2,15492,United Kingdom
431,11/15/2020,22068,Black Pirate Treasure Chest,6.19,1,15492,United Kingdom
432,11/16/2020,22070,Small Red Retrospot Mug In Box,6.19,3,15492,United Kingdom
433,11/17/2020,22071,Small White Retrospot Mug In Box,6.19,1,15492,United Kingdom
434,11/18/2020,22074,6 Ribbons Shimmering Pinks,6.19,1,15492,United Kingdom
435,11/19/2020,22075,6 Ribbons Elegant Christmas,6.19,8,15492,United Kingdom
436,11/20/2020,22076,6 Ribbons Empire,6.19,4,15492,United Kingdom
437,11/21/2020,22083,Paper Chain Kit Retrospot,6.19,1,15492,United Kingdom
438,11/22/2020,22085,Paper Chain Kit Skulls,6.19,1,15492,United Kingdom
439,11/23/2020,22086,Paper Chain Kit 50'S Christmas,6.19,38,15492,United Kingdom
440,11/24/2020,22091,Empire Tissue Box,6.19,1,15492,United Kingdom
441,11/25/2020,22099,Caravan Square Tissue Box,6.19,3,15492,United Kingdom
442,11/26/2020,22104,Mirror Mosaic Candle Plate,6.19,4,15492,United Kingdom
443,11/27/2020,22106,Mirror Mosaic Hurricane Lamp,6.19,1,15492,United Kingdom
444,11/28/2020,22107,Pizza Plate In Box,6.19,10,15492,United Kingdom
445,11/29/2020,22108,Ping! Microwave Plate,6.04,2,15492,United Kingdom
446,11/30/2020,22109,Full English Breakfast Plate,6.04,2,15492,United Kingdom
447,12/1/2020,22110,Bird House Hot Water Bottle,6.04,3,15492,United Kingdom
448,12/2/2020,22111,Scottie Dog Hot Water Bottle,6.19,1,15492,United Kingdom
449,12/3/2020,22112,Chocolate Hot Water Bottle,6.19,1,15492,United Kingdom
450,12/4/2020,22114,Hot Water Bottle Tea And Sympathy,6.19,4,15492,United Kingdom
451,12/5/2020,22116,Metal Sign His Dinner Is Served,6.19,2,15492,United Kingdom
452,12/6/2020,22121,Noel Wooden Block Letters,6.19,1,15492,United Kingdom
453,12/7/2020,22123,Ping Microwave Apron,6.19,1,15492,United Kingdom
454,12/8/2020,22124,Set Of 2 Tea Towels Ping Microwave,6.19,1,15492,United Kingdom
455,12/9/2020,22129,Party Cones Candy Decoration,6.19,3,15492,United Kingdom
456,12/10/2020,22134,Mini Ladle Love Heart Red,6.19,1,15492,United Kingdom
457,12/11/2020,15036,Assorted Colours Silk Fan,6.19,1,15492,United Kingdom
458,12/12/2020,15039,Sandalwood Fan,6.19,1,15492,United Kingdom
459,12/13/2020,15058C,Ice Cream Design Garden Parasol,6.19,1,15492,United Kingdom
460,12/14/2020,16218,Cartoon Pencil Sharpeners,6.19,5,15492,United Kingdom
461,12/15/2020,16225,Rattle Snake Eggs,6.19,1,15492,United Kingdom
462,12/16/2020,16235,Recycled Pencil With Rabbit Eraser,6.19,3,15492,United Kingdom
463,12/17/2020,16237,Sleeping Cat Erasers,6.19,1,15492,United Kingdom
464,12/18/2020,17038,Porcelain Budah Incense Holder,6.19,1,15492,United Kingdom
465,12/19/2020,17084N,Fairy Dreams Incense,6.19,1,15492,United Kingdom
466,12/20/2020,20659,Economy Luggage Tag,6.19,7,15492,United Kingdom
467,12/21/2020,20665,Red Retrospot Purse,6.19,2,15492,United Kingdom
468,12/22/2020,20668,Disco Ball Christmas Decoration,6.19,1,15492,United Kingdom
469,12/23/2020,20718,Red Retrospot Shopper Bag,6.19,1,15492,United Kingdom
470,12/24/2020,20719,Woodland Charlotte Bag,6.19,7,15492,United Kingdom
471,12/25/2020,20723,Strawberry Charlotte Bag,6.19,2,15492,United Kingdom
472,12/26/2020,20724,Red Retrospot Charlotte Bag,6.19,4,15492,United Kingdom
473,12/27/2020,22135,Mini Ladle Love Heart Pink,6.19,6,15492,United Kingdom
474,12/28/2020,22138,Baking Set 9 Piece Retrospot,6.19,1,15492,United Kingdom
475,12/29/2020,22141,Christmas Craft Tree Top Angel,6.19,2,15492,United Kingdom
476,12/30/2020,22150,3 Stripey Mice Feltcraft,7.24,2,15492,United Kingdom
477,12/31/2020,22153,Angel Decoration Stars On Dress,7.24,2,15492,United Kingdom
478,1/1/2021,22154,Angel Decoration 3 Buttons,7.24,3,15492,United Kingdom
479,1/2/2021,22155,Star Decoration Rustic,7.24,7,15492,United Kingdom
480,1/3/2021,22156,Heart Decoration With Pearls,7.24,4,15492,United Kingdom
481,1/4/2021,22163,Heart String Memo Holder Hanging,7.24,9,15492,United Kingdom
482,1/5/2021,22165,Diamante Heart Shaped Wall Mirror,7.24,1,15492,United Kingdom
483,1/6/2021,22167,Oval Wall Mirror Diamante,7.24,1,15492,United Kingdom
484,1/7/2021,22170,Picture Frame Wood Triple Portrait,7.24,1,15492,United Kingdom
485,1/8/2021,22173,Metal 4 Hook Hanger French Chateau,7.24,2,15492,United Kingdom
486,1/9/2021,22174,Photo Cube,6.19,7,15492,United Kingdom
487,1/10/2021,22178,Victorian Glass Hanging T-Light,6.19,5,15492,United Kingdom
488,1/11/2021,22186,Red Star Card Holder,7.24,2,15492,United Kingdom
489,1/12/2021,22190,Local Cafe Mug,7.24,3,15492,United Kingdom
490,1/13/2021,22193,Red Diner Wall Clock,7.24,1,15492,United Kingdom
491,1/14/2021,22195,Large Heart Measuring Spoons,7.24,1,15492,United Kingdom
492,1/15/2021,22196,Small Heart Measuring Spoons,7.24,11,15492,United Kingdom
493,1/16/2021,22197,Popcorn Holder,7.24,34,15492,United Kingdom
494,1/17/2021,22199,Frying Pan Red Retrospot,7.24,1,15492,United Kingdom
495,1/18/2021,22209,Wood Stamp Set Happy Birthday,7.24,1,15492,United Kingdom
496,1/19/2021,22212,Four Hook White Lovebirds,7.24,1,15492,United Kingdom
497,1/20/2021,22219,Lovebird Hanging Decoration White,7.24,4,15492,United Kingdom
498,1/21/2021,22224,White Lovebird Lantern,7.24,4,15492,United Kingdom
499,1/22/2021,22227,Hanging Heart Mirror Decoration,7.24,1,15492,United Kingdom
500,1/23/2021,22260,Felt Egg Cosy Blue Rabbit,6.39,2,15492,United Kingdom
501,1/24/2021,22261,Felt Egg Cosy White Rabbit,7.24,1,15492,United Kingdom
502,1/25/2021,22264,Felt Farm Animal White Bunny,7.24,1,15492,United Kingdom
503,1/26/2021,22273,Feltcraft Doll Molly,7.24,2,15492,United Kingdom
504,1/27/2021,22277,Cosmetic Bag Vintage Rose Paisley,7.24,1,15492,United Kingdom
505,1/28/2021,22279,Pocket Bag Blue Paisley Red Spot,7.24,5,15492,United Kingdom
506,1/29/2021,22280,Pocket Bag Pink Paisely Brown Spot,7.24,4,15492,United Kingdom
507,1/30/2021,22300,Coffee Mug Dog + Ball Design,7.24,1,15492,United Kingdom
508,1/31/2021,22301,Coffee Mug Cat + Bird Design,7.24,1,15492,United Kingdom
509,2/1/2021,22307,Gold Mug Bone China Tree Of Life,7.24,1,15492,United Kingdom
510,2/2/2021,22308,Tea Cosy Blue Stripe,7.24,2,15492,United Kingdom
511,2/3/2021,22309,Tea Cosy Red Stripe,7.24,2,15492,United Kingdom
512,2/4/2021,22324,Blue Polkadot Kids Bag,7.24,2,15492,United Kingdom
513,2/5/2021,22326,Round Snack Boxes Set Of4 Woodland,7.24,3,15492,United Kingdom
514,2/6/2021,22327,Round Snack Boxes Set Of 4 Skulls,7.24,2,15492,United Kingdom
515,2/7/2021,22329,Round Container Set Of 5 Retrospot,6.19,2,15492,United Kingdom
516,2/8/2021,22338,Star Decoration Painted Zinc,6.19,4,15492,United Kingdom
517,2/9/2021,22340,Noel Garland Painted Zinc,6.19,17,15492,United Kingdom
518,2/10/2021,22342,Home Garland Painted Zinc,6.19,7,15492,United Kingdom
519,2/11/2021,22348,Tea Bag Plate Red Retrospot,6.19,3,15492,United Kingdom
520,2/12/2021,22355,Charlotte Bag Suki Design,6.19,3,15492,United Kingdom
521,2/13/2021,22356,Charlotte Bag Pink Polkadot,6.19,1,15492,United Kingdom
522,2/14/2021,22357,Kings Choice Biscuit Tin,6.19,2,15492,United Kingdom
523,2/15/2021,22358,Kings Choice Tea Caddy,6.19,1,15492,United Kingdom
524,2/16/2021,22361,Glass Jar Daisy Fresh Cotton Wool,6.19,2,15492,United Kingdom
525,2/17/2021,22362,Glass Jar Peacock Bath Salts,6.19,2,15492,United Kingdom
526,2/18/2021,22367,Childrens Apron Spaceboy Design,6.19,1,15492,United Kingdom
527,2/19/2021,22372,Airline Bag Vintage World Champion,6.19,1,15492,United Kingdom
528,2/20/2021,22374,Airline Bag Vintage Jet Set Red,6.19,1,15492,United Kingdom
529,2/21/2021,85014B,Red Retrospot Umbrella,6.19,1,15492,United Kingdom
530,2/22/2021,85032C,Curious Images Gift Wrap Set,6.19,1,15492,United Kingdom
531,2/23/2021,85038,6 Chocolate Love Heart T-Lights,6.19,1,15492,United Kingdom
532,2/24/2021,85039A,Set/4 Red Mini Rose Candle In Bowl,6.19,5,15492,United Kingdom
533,2/25/2021,85039B,S/4 Ivory Mini Rose Candle In Bowl,6.19,4,15492,United Kingdom
534,2/26/2021,85040A,S/4 Pink Flower Candles In Bowl,6.19,1,15492,United Kingdom
535,2/27/2021,85048,15cm Christmas Glass Ball 20 Lights,6.19,2,15492,United Kingdom
536,2/28/2021,85049C,Romantic Pinks Ribbons,6.19,1,15492,United Kingdom
537,3/1/2021,85049G,Chocolate Box Ribbons,6.19,1,15492,United Kingdom
538,3/2/2021,85049H,Urban Black Ribbons,6.19,2,15492,United Kingdom
539,3/3/2021,85053,French Enamel Candleholder,6.19,1,15492,United Kingdom
540,3/4/2021,85059,French Enamel Water Basin,6.19,1,15492,United Kingdom
541,3/5/2021,85066,Cream Sweetheart Mini Chest,6.19,1,15492,United Kingdom
542,3/6/2021,85094,Candy Spot Egg Warmer Rabbit,6.19,2,15492,United Kingdom
543,3/7/2021,85114C,Red Enchanted Forest Placemat,6.19,1,15492,United Kingdom
544,3/8/2021,85123A,Cream Hanging Heart T-Light Holder,6.19,3,15492,United Kingdom
545,3/9/2021,85131B,Beaded Crystal Heart Green On Stick,6.19,1,15492,United Kingdom
546,3/10/2021,85131D,Beaded Crystal Heart Pink On Stick,6.19,2,15492,United Kingdom
547,3/11/2021,85152,Hand Over The Chocolate Sign,6.19,1,15492,United Kingdom
548,3/12/2021,85168B,Black Baroque Carriage Clock,6.19,3,15492,United Kingdom
549,3/13/2021,85169C,Eau De Nil Love Bird Candle,6.19,1,15492,United Kingdom
550,3/14/2021,85170C,Set/6 Eau De Nil Bird T-Lights,6.19,1,15492,United Kingdom
551,3/15/2021,85173,Set/6 Frog Prince T-Light Candles,6.19,1,15492,United Kingdom
552,3/16/2021,85177,Basket Of Flowers Sewing Kit,6.19,1,15492,United Kingdom
553,3/17/2021,85178,Victorian Sewing Kit,6.19,1,15492,United Kingdom
554,3/18/2021,85179A,Green Bitty Light Chain,6.19,4,15492,United Kingdom
555,3/19/2021,85199S,Small Hanging Ivory/Red Wood Bird,6.19,9,15492,United Kingdom
556,3/20/2021,85227,Set Of 6 3d Kit Cards For Kids,6.19,3,15492,United Kingdom
557,3/21/2021,90003C,Midnight Blue Pair Heart Hair Slide,6.19,1,15492,United Kingdom
558,3/22/2021,90003E,Green Pair Heart Hair Slides,6.19,2,15492,United Kingdom
559,3/23/2021,90010A,Midnight Blue Glass/Silver Bracelet,6.04,1,15492,United Kingdom
560,3/24/2021,90013A,Midnight Blue Vintage Earrings,6.19,3,15492,United Kingdom
561,3/25/2021,90013C,Green Vintage Earrings,6.19,2,15492,United Kingdom
562,3/26/2021,90014A,Silver Mop Orbit Necklace,6.19,1,15492,United Kingdom
563,3/27/2021,90016B,Gold/Mop Pendant Orbit Necklace,6.19,1,15492,United Kingdom
564,3/28/2021,90018B,Gold Mop Orbit Drop Earrings,6.19,1,15492,United Kingdom
565,3/29/2021,90019B,Gold Mop Orbit Bracelet,6.19,1,15492,United Kingdom
566,3/30/2021,90027D,Glass Bead Hoop Earrings Amethyst,6.19,1,15492,United Kingdom
567,3/31/2021,90030B,Red Kukui Coconut Seed Necklace,6.19,1,15492,United Kingdom
568,4/1/2021,90055,Cracked Glaze Earrings Brown,6.19,1,15492,United Kingdom
569,4/2/2021,90059A,Diamante Hair Grip Pack/2 Crystal,6.19,1,15492,United Kingdom
570,4/3/2021,90059D,Diamante Hair Grip Pack/2 Peridot,6.19,2,15492,United Kingdom
571,4/4/2021,90059E,Diamante Hair Grip Pack/2 Ruby,6.04,1,15492,United Kingdom
572,4/5/2021,90059F,Diamante Hair Grip Pack/2 Lt Rose,6.19,1,15492,United Kingdom
573,4/6/2021,90072,Ruby Drop Chandelier Earrings,6.19,1,15492,United Kingdom
574,4/7/2021,90086,Crystal Frog Phone Charm,6.19,1,15492,United Kingdom
575,4/8/2021,90120B,Blue Murano Twist Bracelet,6.19,2,15492,United Kingdom
576,4/9/2021,90120C,Green Murano Twist Bracelet,6.19,1,15492,United Kingdom
577,4/10/2021,90130B,Turq Stone/Crystal Earrings,6.19,1,15492,United Kingdom
578,4/11/2021,90130C,Green Stone/Crystal Earrings,6.19,1,15492,United Kingdom
579,4/12/2021,90134,Old Rose Combo Bead Necklace,6.19,1,15492,United Kingdom
580,4/13/2021,90138,White/Pink Mini Crystals Necklace,6.19,1,15492,United Kingdom
581,4/14/2021,90141B,Ivory Pendant Triple Shell Necklace,6.19,1,15492,United Kingdom
582,4/15/2021,90145,Silver Hoop Earrings With Flower,6.19,1,15492,United Kingdom
583,4/16/2021,90155,Resin Necklace W Pastel Beads,6.19,1,15492,United Kingdom
584,4/17/2021,90161D,Ant Copper Pink Boudicca Bracelet,6.19,1,15492,United Kingdom
585,4/18/2021,90163A,Pink Rosebud & Pearl Necklace,6.19,2,15492,United Kingdom
586,4/19/2021,90165B,White Rosebud Pearl Earrings,6.19,1,15492,United Kingdom
587,4/20/2021,90168,2 Daisies Hair Comb,6.19,1,15492,United Kingdom
588,4/21/2021,90169,Daisy Hair Comb,6.19,1,15492,United Kingdom
589,4/22/2021,90170,Daisy Hair Band,6.19,1,15492,United Kingdom
590,4/23/2021,90174,Butterfly Hair Band,6.19,2,15492,United Kingdom
591,4/24/2021,90175A,White Glass Chunky Charm Bracelet,6.19,2,15492,United Kingdom
592,4/25/2021,90175D,Tigris Eye Chunky Charm Bracelet,6.19,1,15492,United Kingdom
593,4/26/2021,90177A,Classic Diamante Earrings Jet,6.19,1,15492,United Kingdom
594,4/27/2021,90177C,Drop Diamante Earrings Crystal,6.19,1,15492,United Kingdom
595,4/28/2021,90181B,Amethyst Glass/Shell/Pearl Necklace,6.04,1,15492,United Kingdom
596,4/29/2021,90182C,Black 3 Bead Drop Earrings,6.19,1,15492,United Kingdom
597,4/30/2021,90183A,Amber Drop Earrings W Long Beads,6.19,2,15492,United Kingdom
598,5/1/2021,90183C,Black Drop Earrings W Long Beads,6.19,1,15492,United Kingdom
599,5/2/2021,90184C,Black Chunky Bead Bracelet W Strap,6.19,1,15492,United Kingdom
600,5/3/2021,90185B,Amethyst Diamante Expandable Ring,6.19,1,15492,United Kingdom
601,5/4/2021,90188,Drop Earrings W Flower & Leaf,6.19,2,15492,United Kingdom
602,5/5/2021,90191,Silver Lariat 40cm,6.19,2,15492,United Kingdom
603,5/6/2021,90192,Jade Drop Earrings W Filigree,6.19,1,15492,United Kingdom
604,5/7/2021,90198A,Vintage Rose Bead Bracelet Raspberr,6.19,2,15492,United Kingdom
605,5/8/2021,90200A,Purple Sweetheart Bracelet,6.19,1,15492,United Kingdom
606,5/9/2021,90201A,Purple Enamel Flower Ring,6.19,2,15492,United Kingdom
607,5/10/2021,90201B,Black Enamel Flower Ring,6.19,1,15492,United Kingdom
608,5/11/2021,90201C,Red Enamel Flower Ring,6.19,1,15492,United Kingdom
609,5/12/2021,90201D,Green Enamel Flower Ring,6.19,1,15492,United Kingdom
610,5/13/2021,90202C,Green Enamel Flower Hair Tie,6.19,1,15492,United Kingdom
611,5/14/2021,90202D,Pink Enamel Flower Hair Tie,6.19,1,15492,United Kingdom
612,5/15/2021,90206C,Crystal Diamante Star Brooch,6.19,1,15492,United Kingdom
613,5/16/2021,90208,Pair Of Pink Flower Cluster Slide,6.19,1,15492,United Kingdom
614,5/17/2021,90210A,Grey Acrylic Faceted Bangle,6.19,1,15492,United Kingdom
615,5/18/2021,22378,Wall Tidy Retrospot,6.19,2,15492,United Kingdom
616,5/19/2021,22379,Recycling Bag Retrospot,6.19,1,15492,United Kingdom
617,5/20/2021,22380,Toy Tidy Spaceboy,6.19,2,15492,United Kingdom
618,5/21/2021,22396,Magnets Pack Of 4 Retro Photo,6.19,1,15492,United Kingdom
619,5/22/2021,22411,Jumbo Shopper Vintage Red Paisley,6.19,1,15492,United Kingdom
620,5/23/2021,22418,10 Colour Spaceboy Pen,6.19,3,15492,United Kingdom
621,5/24/2021,22419,Lipstick Pen Red,6.19,3,15492,United Kingdom
622,5/25/2021,22420,Lipstick Pen Baby Pink,6.19,1,15492,United Kingdom
623,5/26/2021,22421,Lipstick Pen Fuschia,6.19,2,15492,United Kingdom
624,5/27/2021,22422,Toothpaste Tube Pen,6.19,4,15492,United Kingdom
625,5/28/2021,22437,Set Of 9 Black Skull Balloons,7.24,1,15492,United Kingdom
626,5/29/2021,22441,Grow Your Own Basil In Enamel Mug,7.24,1,15492,United Kingdom
627,5/30/2021,22446,Pin Cushion Babushka Pink,7.24,7,15492,United Kingdom
628,5/31/2021,22457,Natural Slate Heart Chalkboard,7.24,1,15492,United Kingdom
629,6/1/2021,22464,Hanging Metal Heart Lantern,7.24,1,15492,United Kingdom
630,6/2/2021,22466,Fairy Tale Cottage Night Light,7.24,1,15492,United Kingdom
631,6/3/2021,22467,Gumball Coat Rack,7.24,1,15492,United Kingdom
632,6/4/2021,22478,Birdhouse Garden Marker,7.24,1,15492,United Kingdom
633,6/5/2021,22486,Plasmatronic Lamp,7.24,1,15492,United Kingdom
634,6/6/2021,22488,Natural Slate Rectangle Chalkboard,7.24,1,15492,United Kingdom
635,6/7/2021,22489,Pack Of 12 Traditional Crayons,7.24,5,15492,United Kingdom
636,6/8/2021,22495,Set Of 2 Round Tins Camembert,7.24,1,15492,United Kingdom
637,6/9/2021,22540,Mini Jigsaw Circus Parade,7.24,1,15492,United Kingdom
638,6/10/2021,22544,Mini Jigsaw Spaceboy,7.24,1,15492,United Kingdom
639,6/11/2021,22549,Picture Dominoes,7.24,3,15492,United Kingdom
640,6/12/2021,22551,Plasters In Tin Spaceboy,7.24,2,15492,United Kingdom
641,6/13/2021,22553,Plasters In Tin Skulls,7.24,2,15492,United Kingdom
642,6/14/2021,22554,Plasters In Tin Woodland Animals,7.24,3,15492,United Kingdom
643,6/15/2021,22555,Plasters In Tin Strongman,7.24,3,15492,United Kingdom
644,6/16/2021,22557,Plasters In Tin Vintage Paisley,7.24,2,15492,United Kingdom
645,6/17/2021,22558,Clothes Pegs Retrospot Pack 24,7.24,3,15492,United Kingdom
646,6/18/2021,22560,Traditional Modelling Clay,7.24,5,15492,United Kingdom
647,6/19/2021,22565,Feltcraft Hairbands Pink And White,7.24,4,15492,United Kingdom
648,6/20/2021,22566,Feltcraft Hairband Pink And Purple,7.24,3,15492,United Kingdom
649,6/21/2021,22571,Rocking Horse Red Christmas,7.24,4,15492,United Kingdom
650,6/22/2021,22573,Star Wooden Christmas Decoration,6.39,2,15492,United Kingdom
651,6/23/2021,22574,Heart Wooden Christmas Decoration,7.24,5,15492,United Kingdom
652,6/24/2021,22576,Swallow Wooden Christmas Decoration,7.24,3,15492,United Kingdom
653,6/25/2021,22577,Wooden Heart Christmas Scandinavian,7.24,4,15492,United Kingdom
654,6/26/2021,22578,Wooden Star Christmas Scandinavian,7.24,19,15492,United Kingdom
655,6/27/2021,22580,Advent Calendar Gingham Sack,7.24,9,15492,United Kingdom
656,6/28/2021,22581,Wood Stocking Christmas Scandispot,7.24,11,15492,United Kingdom
657,6/29/2021,22585,Pack Of 6 Birdy Gift Tags,7.24,2,15492,United Kingdom
658,6/30/2021,22586,Feltcraft Hairband Pink And Blue,7.24,2,15492,United Kingdom
659,7/1/2021,22589,Cardholder Gingham Star,7.24,6,15492,United Kingdom
660,7/2/2021,22591,Cardholder Gingham Christmas Tree,7.24,1,15492,United Kingdom
661,7/3/2021,22592,Cardholder Holly Wreath Metal,7.24,3,15492,United Kingdom
662,7/4/2021,22593,Christmas Gingham Star,6.39,2,15492,United Kingdom
663,7/5/2021,22594,Christmas Gingham Tree,7.24,3,15492,United Kingdom
664,7/6/2021,22597,Musical Zinc Heart Decoration,7.24,9,15492,United Kingdom
665,7/7/2021,22598,Christmas Musical Zinc Tree,7.24,4,15492,United Kingdom
666,7/8/2021,22599,Christmas Musical Zinc Star,6.19,5,15492,United Kingdom
667,7/9/2021,22600,Christmas Retrospot Star Wood,6.19,2,15492,United Kingdom
668,7/10/2021,22601,Christmas Retrospot Angel Wood,6.19,3,15492,United Kingdom
669,7/11/2021,22602,Retrospot Wooden Heart Decoration,6.19,3,15492,United Kingdom
670,7/12/2021,22608,Pens Assorted Funky Jeweled,6.19,3,15492,United Kingdom
671,7/13/2021,22614,Pack Of 12 Spaceboy Tissues,6.19,1,15492,United Kingdom
672,7/14/2021,22615,Pack Of 12 Circus Parade Tissues,6.19,4,15492,United Kingdom
673,7/15/2021,22616,Pack Of 12 London Tissues,6.19,1,15492,United Kingdom
674,7/16/2021,22619,Set Of 6 Soldier Skittles,6.19,4,15492,United Kingdom
675,7/17/2021,22620,4 Traditional Spinning Tops,6.19,3,15492,United Kingdom
676,7/18/2021,22621,Traditional Knitting Nancy,6.19,2,15492,United Kingdom
677,7/19/2021,22629,Spaceboy Lunch Box,6.19,1,15492,United Kingdom
678,7/20/2021,22630,Dolly Girl Lunch Box,6.19,1,15492,United Kingdom
679,7/21/2021,22632,Hand Warmer Red Retrospot,6.19,1,15492,United Kingdom
680,7/22/2021,22633,Hand Warmer Union Jack,6.19,1,15492,United Kingdom
681,7/23/2021,22634,Childs Breakfast Set Spaceboy,6.19,1,15492,United Kingdom
682,7/24/2021,22650,Ceramic Pirate Chest Money Bank,6.19,2,15492,United Kingdom
683,7/25/2021,22651,Gentleman Shirt Repair Kit,6.19,1,15492,United Kingdom
684,7/26/2021,22653,Button Box,6.19,16,15492,United Kingdom
685,7/27/2021,22654,Deluxe Sewing Kit,6.19,2,15492,United Kingdom
686,7/28/2021,22659,Lunch Box I Love London,6.19,1,15492,United Kingdom
687,7/29/2021,22666,Recipe Box Pantry Yellow Design,6.19,5,15492,United Kingdom
688,7/30/2021,22693,Grow A Flytrap Or Sunflower In Tin,6.19,3,15492,United Kingdom
689,7/31/2021,22694,Wicker Star,6.19,1,15492,United Kingdom
690,8/1/2021,22697,Green Regency Teacup And Saucer,6.19,1,15492,United Kingdom
691,8/2/2021,22699,Roses Regency Teacup And Saucer,6.19,2,15492,United Kingdom
692,8/3/2021,22701,Pink Dog Bowl,6.19,5,15492,United Kingdom
693,8/4/2021,22703,Pink Cat Bowl,6.19,6,15492,United Kingdom
694,8/5/2021,22712,Card Dolly Girl,6.19,1,15492,United Kingdom
695,8/6/2021,22713,Card I Love London,6.19,1,15492,United Kingdom
696,8/7/2021,22714,Card Birthday Cowboy,6.19,2,15492,United Kingdom
697,8/8/2021,22716,Card Circus Parade,6.19,3,15492,United Kingdom
698,8/9/2021,22717,Card Dog And Ball,6.19,1,15492,United Kingdom
699,8/10/2021,22720,Set Of 3 Cake Tins Pantry Design,6.19,2,15492,United Kingdom
700,8/11/2021,22725,Alarm Clock Bakelike Chocolate,6.19,1,15492,United Kingdom
701,8/12/2021,22726,Alarm Clock Bakelike Green,6.19,4,15492,United Kingdom
702,8/13/2021,22727,Alarm Clock Bakelike Red,6.19,4,15492,United Kingdom
703,8/14/2021,22730,Alarm Clock Bakelike Ivory,6.19,1,15492,United Kingdom
704,8/15/2021,22741,Funky Diva Pen,6.19,4,15492,United Kingdom
705,8/16/2021,22745,Poppy's Playhouse Bedroom,6.19,2,15492,United Kingdom
706,8/17/2021,22748,Poppy's Playhouse Kitchen,6.19,1,15492,United Kingdom
707,8/18/2021,22749,Feltcraft Princess Charlotte Doll,6.19,1,15492,United Kingdom
708,8/19/2021,22751,Feltcraft Princess Olivia Doll,6.19,2,15492,United Kingdom
709,8/20/2021,22753,Small Yellow Babushka Notebook,6.19,1,15492,United Kingdom
710,8/21/2021,22754,Small Red Babushka Notebook,6.19,1,15492,United Kingdom
711,8/22/2021,22757,Large Red Babushka Notebook,6.19,3,15492,United Kingdom
712,8/23/2021,22758,Large Purple Babushka Notebook,6.19,2,15492,United Kingdom
713,8/24/2021,22763,Key Cabinet Ma Campagne,6.19,1,15492,United Kingdom
714,8/25/2021,22768,Family Photo Frame Cornice,6.19,2,15492,United Kingdom
715,8/26/2021,22776,Sweetheart 3 Tier Cake Stand,6.19,1,15492,United Kingdom
716,8/27/2021,22795,Sweetheart Recipe Book Stand,6.19,1,15492,United Kingdom
717,8/28/2021,22798,Antique Glass Dressing Table Pot,6.19,3,15492,United Kingdom
718,8/29/2021,22800,Antique Tall Swirlglass Trinket Pot,6.19,3,15492,United Kingdom
719,8/30/2021,22809,Set Of 6 T-Lights Santa,6.19,1,15492,United Kingdom
720,8/31/2021,22811,Set Of 6 T-Lights Cacti,6.19,1,15492,United Kingdom
721,9/1/2021,22814,Card Party Games,6.19,9,15492,United Kingdom
722,9/2/2021,22815,Card Psychedelic Apples,6.19,18,15492,United Kingdom
723,9/3/2021,22816,Card Motorbike Santa,6.19,2,15492,United Kingdom
724,9/4/2021,22817,Card Suki Birthday,6.19,5,15492,United Kingdom
725,9/5/2021,22818,Card Christmas Village,7.24,6,15492,United Kingdom
726,9/6/2021,22819,Birthday Card Retro Spot,7.24,3,15492,United Kingdom
727,9/7/2021,22835,Hot Water Bottle I Am So Poorly,7.24,3,15492,United Kingdom
728,9/8/2021,22865,Hand Warmer Owl Design,7.24,2,15492,United Kingdom
729,9/9/2021,22866,Hand Warmer Scotty Dog Design,7.24,3,15492,United Kingdom
730,9/10/2021,22867,Hand Warmer Bird Design,7.24,4,15492,United Kingdom
731,9/11/2021,22881,Number Tile Vintage Font 2,7.24,1,15492,United Kingdom
732,9/12/2021,22885,Number Tile Vintage Font 6,7.24,1,15492,United Kingdom
733,9/13/2021,22888,Number Tile Vintage Font 9,7.24,1,15492,United Kingdom
734,9/14/2021,22890,Novelty Biscuits Cake Stand 3 Tier,7.24,1,15492,United Kingdom
735,9/15/2021,22898,Childrens Apron Apples Design,7.24,1,15492,United Kingdom
736,9/16/2021,22899,Children's Apron Dolly Girl,7.24,2,15492,United Kingdom
737,9/17/2021,22900,Set 2 Tea Towels I Love London,7.24,3,15492,United Kingdom
738,9/18/2021,22905,Calendar In Season Design,7.24,1,15492,United Kingdom
739,9/19/2021,22907,Pack Of 20 Napkins Pantry Design,6.39,1,15492,United Kingdom
740,9/20/2021,22909,Set Of 20 Vintage Christmas Napkins,7.24,5,15492,United Kingdom
741,9/21/2021,22910,Paper Chain Kit Vintage Christmas,7.24,7,15492,United Kingdom
742,9/22/2021,22914,Blue Coat Rack Paris Fashion,7.24,1,15492,United Kingdom
743,9/23/2021,22922,Fridge Magnets Us Diner Assorted,7.24,6,15492,United Kingdom
744,9/24/2021,22924,Fridge Magnets La Vie En Rose,7.24,6,15492,United Kingdom
745,9/25/2021,22928,Yellow Giant Garden Thermometer,7.24,1,15492,United Kingdom
746,9/26/2021,22940,Feltcraft Christmas Fairy,6.19,1,15492,United Kingdom
747,9/27/2021,22941,Christmas Lights 10 Reindeer,6.19,2,15492,United Kingdom
748,9/28/2021,22943,Christmas Lights 10 Vintage Baubles,6.19,1,15492,United Kingdom
749,9/29/2021,22948,Metal Decoration Naughty Children,6.19,4,15492,United Kingdom
750,9/30/2021,22951,60 Cake Cases Dolly Girl Design,6.19,2,15492,United Kingdom
751,10/1/2021,22952,60 Cake Cases Vintage Christmas,6.19,2,15492,United Kingdom
752,10/2/2021,22955,36 Foil Star Cake Cases,6.19,1,15492,United Kingdom
753,10/3/2021,22960,Jam Making Set With Jars,6.19,2,15492,United Kingdom
754,10/4/2021,22961,Jam Making Set Printed,6.19,9,15492,United Kingdom
755,10/5/2021,22962,Jam Jar With Pink Lid,6.19,3,15492,United Kingdom
756,10/6/2021,22963,Jam Jar With Green Lid,6.19,3,15492,United Kingdom
757,10/7/2021,22964,3 Piece Spaceboy Cookie Cutter Set,6.19,1,15492,United Kingdom
758,10/8/2021,22965,3 Traditional Biscuit Cutters Set,6.19,1,15492,United Kingdom
759,10/9/2021,22966,Gingerbread Man Cookie Cutter,6.19,4,15492,United Kingdom
760,10/10/2021,22969,Homemade Jam Scented Candles,6.19,6,15492,United Kingdom
761,10/11/2021,22975,Spaceboy Childrens Egg Cup,6.19,2,15492,United Kingdom
762,10/12/2021,22976,Circus Parade Childrens Egg Cup,6.19,1,15492,United Kingdom
763,10/13/2021,22977,Dolly Girl Childrens Egg Cup,6.19,1,15492,United Kingdom
764,10/14/2021,22979,Pantry Washing Up Brush,6.19,2,15492,United Kingdom
765,10/15/2021,22980,Pantry Scrubbing Brush,6.19,1,15492,United Kingdom
766,10/16/2021,22982,Pantry Pastry Brush,6.19,3,15492,United Kingdom
767,10/17/2021,22983,Card Billboard Font,6.19,1,15492,United Kingdom
768,10/18/2021,22984,Card Gingham Rose,6.19,1,15492,United Kingdom
769,10/19/2021,22988,Soldiers Egg Cup,6.19,1,15492,United Kingdom
770,10/20/2021,22989,Set 2 Pantry Design Tea Towels,6.19,2,15492,United Kingdom
771,10/21/2021,22992,Revolver Wooden Ruler,6.19,3,15492,United Kingdom
772,10/22/2021,22993,Set Of 4 Pantry Jelly Moulds,6.19,3,15492,United Kingdom
773,10/23/2021,22995,Travel Card Wallet Suki,6.19,4,15492,United Kingdom
774,10/24/2021,22996,Travel Card Wallet Vintage Ticket,6.19,5,15492,United Kingdom
775,10/25/2021,22997,Travel Card Wallet Union Jack,6.19,1,15492,United Kingdom
776,10/26/2021,22998,Travel Card Wallet Keep Calm,6.19,4,15492,United Kingdom
777,10/27/2021,22999,Travel Card Wallet Vintage Leaf,6.19,1,15492,United Kingdom
778,10/28/2021,23005,Travel Card Wallet I Love London,6.19,4,15492,United Kingdom
779,10/29/2021,23007,Spaceboy Baby Gift Set,6.19,1,15492,United Kingdom
780,10/30/2021,23009,I Love London Baby Gift Set,6.19,2,15492,United Kingdom
781,10/31/2021,23012,Glass Apothecary Bottle Perfume,6.19,1,15492,United Kingdom
782,11/1/2021,23013,Glass Apothecary Bottle Tonic,6.19,2,15492,United Kingdom
783,11/2/2021,23014,Glass Apothecary Bottle Elixir,6.19,1,15492,United Kingdom
784,11/3/2021,23050,Recycled Acapulco Mat Green,6.19,1,15492,United Kingdom
785,11/4/2021,23051,Recycled Acapulco Mat Blue,6.19,1,15492,United Kingdom
786,11/5/2021,23052,Recycled Acapulco Mat Turquoise,6.19,5,15492,United Kingdom
787,11/6/2021,23053,Recycled Acapulco Mat Pink,6.19,1,15492,United Kingdom
788,11/7/2021,23054,Recycled Acapulco Mat Lavender,6.19,1,15492,United Kingdom
789,11/8/2021,23074,Embossed Heart Trinket Box,6.19,1,15492,United Kingdom
790,11/9/2021,23076,Ice Cream Sundae Lip Gloss,6.19,3,15492,United Kingdom
791,11/10/2021,23077,Doughnut Lip Gloss,6.19,3,15492,United Kingdom
792,11/11/2021,23082,Set 6 Paper Table Lantern Hearts,6.19,1,15492,United Kingdom
793,11/12/2021,23083,Set 6 Paper Table Lantern Stars,6.19,1,15492,United Kingdom
794,11/13/2021,23084,Rabbit Night Light,6.19,57,15492,United Kingdom
795,11/14/2021,23088,Zinc Heart Flower T-Light Holder,6.19,1,15492,United Kingdom
796,11/15/2021,23089,Glass Bon Bon Jar,6.19,4,15492,United Kingdom
797,11/16/2021,23093,Small Parisienne Heart Photo Frame,6.19,3,15492,United Kingdom
798,11/17/2021,23103,Jingle Bell Heart Decoration,6.19,2,15492,United Kingdom
799,11/18/2021,23110,Parisienne Key Cabinet,6.19,1,15492,United Kingdom
800,11/19/2021,23111,Parisienne Sewing Box,6.19,1,15492,United Kingdom
801,11/20/2021,23112,Parisienne Curio Cabinet,6.19,1,15492,United Kingdom
802,11/21/2021,23118,Parisienne Jewellery Drawer,6.19,1,15492,United Kingdom
803,11/22/2021,23158,Set Of 5 Lucky Cat Magnets,6.19,1,15492,United Kingdom
804,11/23/2021,23165,Large Ceramic Top Storage Jar,6.19,2,15492,United Kingdom
805,11/24/2021,23166,Medium Ceramic Top Storage Jar,6.19,2,15492,United Kingdom
806,11/25/2021,23168,Classic Cafe Sugar Dispenser,6.19,2,15492,United Kingdom
807,11/26/2021,23171,Regency Tea Plate Green,6.19,1,15492,United Kingdom
808,11/27/2021,23172,Regency Tea Plate Pink,6.19,1,15492,United Kingdom
809,11/28/2021,23173,Regency Teapot Roses,6.19,1,15492,United Kingdom
810,11/29/2021,23175,Regency Milk Jug Pink,6.19,1,15492,United Kingdom
811,11/30/2021,23177,Treasure Island Book Box,6.19,1,15492,United Kingdom
812,12/1/2021,23183,Mother's Kitchen Spoon Rest,6.19,3,15492,United Kingdom
813,12/2/2021,23184,Bull Dog Bottle Opener,6.19,2,15492,United Kingdom
814,12/3/2021,23188,Vintage 2 Metre Folding Ruler,6.19,1,15492,United Kingdom
815,12/4/2021,23191,Bundle Of 3 Retro Note Books,6.19,1,15492,United Kingdom
816,12/5/2021,23194,Gymkhana Treasure Book Box,6.19,1,15492,United Kingdom
817,12/6/2021,23196,Vintage Leaf Magnetic Notepad,6.19,1,15492,United Kingdom
818,12/7/2021,23197,Sketchbook Magnetic Shopping List,6.19,2,15492,United Kingdom
819,12/8/2021,23198,Pantry Magnetic Shopping List,6.19,2,15492,United Kingdom
820,12/9/2021,23204,Charlotte Bag Apples Design,6.19,6,15492,United Kingdom
821,12/10/2021,23205,Charlotte Bag Vintage Alphabet,6.19,3,15492,United Kingdom
822,12/11/2021,23212,Heart Wreath Decoration With Bell,6.19,7,15492,United Kingdom
823,12/12/2021,23213,Star Wreath Decoration With Bell,6.19,7,15492,United Kingdom
824,12/13/2021,23220,Reindeer Heart Decoration Gold,6.19,2,15492,United Kingdom
825,12/14/2021,23224,Cherub Heart Decoration Gold,6.19,1,15492,United Kingdom
826,12/15/2021,23229,Vintage Donkey Tail Game,6.19,2,15492,United Kingdom
827,12/16/2021,23234,Biscuit Tin Vintage Christmas,6.19,4,15492,United Kingdom
828,12/17/2021,23241,Treasure Tin Gymkhana Design,6.19,3,15492,United Kingdom
829,12/18/2021,23243,Set Of Tea Coffee Sugar Tins Pantry,6.19,1,15492,United Kingdom
830,12/19/2021,23245,Set Of 3 Regency Cake Tins,6.19,7,15492,United Kingdom
831,12/20/2021,23247,Biscuit Tin 50'S Christmas,6.19,3,15492,United Kingdom
832,12/21/2021,23264,Set Of 3 Wooden Sleigh Decorations,6.19,3,15492,United Kingdom
833,12/22/2021,23265,Set Of 3 Wooden Tree Decorations,6.19,3,15492,United Kingdom
834,12/23/2021,23266,Set Of 3 Wooden Stocking Decoration,6.19,2,15492,United Kingdom
835,12/24/2021,23274,Star T-Light Holder Willie Winkie,6.19,3,15492,United Kingdom
836,12/25/2021,23275,Set Of 3 Hanging Owls Ollie Beak,6.19,2,15492,United Kingdom
837,12/26/2021,23280,Folding Butterfly Mirror Hot Pink,6.19,2,15492,United Kingdom
838,12/27/2021,23284,Doormat Keep Calm And Come In,6.19,1,15492,United Kingdom
839,12/28/2021,23285,Pink Vintage Spot Beaker,6.19,1,15492,United Kingdom
840,12/29/2021,23287,Red Vintage Spot Beaker,6.19,1,15492,United Kingdom
841,12/30/2021,23290,Spaceboy Childrens Bowl,6.19,1,15492,United Kingdom
842,12/31/2021,23292,Spaceboy Childrens Cup,6.19,1,15492,United Kingdom
843,1/1/2022,23293,Set Of 12 Fairy Cake Baking Cases,6.19,3,15492,United Kingdom
844,1/2/2022,23294,Set Of 6 Snack Loaf Baking Cases,6.19,1,15492,United Kingdom
845,1/3/2022,23295,Set Of 12 Mini Loaf Baking Cases,6.19,4,15492,United Kingdom
846,1/4/2022,23298,Spotty Bunting,6.19,2,15492,United Kingdom
847,1/5/2022,23299,Food Cover With Beads Set 2,6.19,1,15492,United Kingdom
848,1/6/2022,23300,Gardeners Kneeling Pad Cup Of Tea,6.19,3,15492,United Kingdom
849,1/7/2022,23301,Gardeners Kneeling Pad Keep Calm,6.19,6,15492,United Kingdom
850,1/8/2022,23307,Set Of 60 Pantry Design Cake Cases,6.19,7,15492,United Kingdom
851,1/9/2022,23308,Set Of 60 Vintage Leaf Cake Cases,6.19,1,15492,United Kingdom
852,1/10/2022,23309,Set Of 60 I Love London Cake Cases,6.19,2,15492,United Kingdom
853,1/11/2022,23310,Bubblegum Ring Assorted,6.19,4,15492,United Kingdom
854,1/12/2022,23311,Vintage Christmas Stocking,6.19,1,15492,United Kingdom
855,1/13/2022,23312,Vintage Christmas Gift Sack,6.19,6,15492,United Kingdom
856,1/14/2022,23313,Vintage Christmas Bunting,6.19,4,15492,United Kingdom
857,1/15/2022,23314,Vintage Christmas Tablecloth,6.19,1,15492,United Kingdom
858,1/16/2022,23319,Box Of 6 Mini 50'S Crackers,6.19,3,15492,United Kingdom
859,1/17/2022,23322,Large White Heart Of Wicker,6.19,1,15492,United Kingdom
860,1/18/2022,23323,White Wicker Star,6.19,6,15492,United Kingdom
861,1/19/2022,23328,Set 6 School Milk Bottles In Crate,6.19,5,15492,United Kingdom
862,1/20/2022,23332,Ivory Wicker Heart Large,6.19,1,15492,United Kingdom
863,1/21/2022,23334,Ivory Wicker Heart Small,6.19,1,15492,United Kingdom
864,1/22/2022,23336,Egg Frying Pan Pink,6.19,1,15492,United Kingdom
865,1/23/2022,23340,Vintage Christmas Cake Frill,6.19,3,15492,United Kingdom
866,1/24/2022,23345,Dolly Girl Beaker,6.19,1,15492,United Kingdom
867,1/25/2022,23347,I Love London Beaker,6.19,1,15492,United Kingdom
868,1/26/2022,23349,Roll Wrap Vintage Christmas,6.19,2,15492,United Kingdom
869,1/27/2022,23351,Roll Wrap 50'S Christmas,6.19,5,15492,United Kingdom
870,1/28/2022,23352,Roll Wrap 50'S Red Christmas,6.19,1,15492,United Kingdom
871,1/29/2022,23353,6 Gift Tags Vintage Christmas,6.19,3,15492,United Kingdom
872,1/30/2022,23354,6 Gift Tags 50'S Christmas,6.19,4,15492,United Kingdom
873,1/31/2022,23357,Hot Water Bottle Sex Bomb,6.19,1,15492,United Kingdom
874,2/1/2022,23358,Hot Stuff Hot Water Bottle,6.19,1,15492,United Kingdom
875,2/2/2022,23365,Set 12 Colour Pencils Love London,6.19,1,15492,United Kingdom
876,2/3/2022,23366,Set 12 Colouring Pencils Doily,6.04,5,15492,United Kingdom
877,2/4/2022,23367,Set 12 Colour Pencils Spaceboy,6.04,10,15492,United Kingdom
878,2/5/2022,23368,Set 12 Colour Pencils Dolly Girl,6.19,2,15492,United Kingdom
879,2/6/2022,23581,Jumbo Bag Paisley Park,6.19,3,15492,United Kingdom
880,2/7/2022,21928,Jumbo Bag Scandinavian Blue Paisley,6.19,2,15492,United Kingdom
881,2/8/2022,21929,Jumbo Bag Pink Vintage Paisley,6.19,1,15492,United Kingdom
882,2/9/2022,85099C,Jumbo Bag Baroque Black White,6.19,7,15492,United Kingdom
883,2/10/2022,23199,Jumbo Bag Apples,6.19,2,15492,United Kingdom
884,2/11/2022,23200,Jumbo Bag Pears,6.19,1,15492,United Kingdom
885,2/12/2022,23202,Jumbo Bag Vintage Leaf,6.19,2,15492,United Kingdom
886,2/13/2022,23343,Jumbo Bag Vintage Christmas,6.19,4,15492,United Kingdom
887,2/14/2022,23344,Jumbo Bag 50'S Christmas,6.19,5,15492,United Kingdom
888,2/15/2022,23583,Lunch Bag Paisley Park,6.19,2,15492,United Kingdom
889,2/16/2022,20727,Lunch Bag Black Skull,6.04,2,15492,United Kingdom
890,2/17/2022,20728,Lunch Bag Cars Blue,6.04,1,15492,United Kingdom
891,2/18/2022,20725,Lunch Bag Red Retrospot,6.19,1,15492,United Kingdom
892,2/19/2022,20726,Lunch Bag Woodland,6.19,1,15492,United Kingdom
893,2/20/2022,22662,Lunch Bag Dolly Girl Design,6.19,1,15492,United Kingdom
894,2/21/2022,23206,Lunch Bag Apple Design,6.19,3,15492,United Kingdom
895,2/22/2022,23208,Lunch Bag Vintage Leaf Design,6.19,3,15492,United Kingdom
896,2/23/2022,23375,50'S Christmas Paper Gift Bag,6.19,1,15492,United Kingdom
897,2/24/2022,23437,50'S Christmas Gift Bag Large,6.19,1,15492,United Kingdom
898,2/25/2022,22821,Gift Bag Psychedelic Apples,7.24,3,15492,United Kingdom
899,2/26/2022,79190B,Retro Plastic Polka Tray,7.24,15,12423,Belgium
900,2/27/2022,79190A,Retro Plastic 70'S Tray,7.24,15,12423,Belgium
901,2/28/2022,22915,Assorted Bottle Top Magnets,7.24,12,12423,Belgium
902,3/1/2022,22151,Place Setting White Heart,7.24,24,12423,Belgium
903,3/2/2022,22632,Hand Warmer Red Retrospot,7.24,12,12423,Belgium
904,3/3/2022,22865,Hand Warmer Owl Design,7.24,12,12423,Belgium
905,3/4/2022,20718,Red Retrospot Shopper Bag,7.24,10,12423,Belgium
906,3/5/2022,79190B,Retro Plastic Polka Tray,7.24,12,12423,Belgium
907,3/6/2022,71459,Hanging Jam Jar T-Light Holders,7.24,12,12423,Belgium
908,3/7/2022,84945,Multi Colour Silver T-Light Holder,7.24,12,12423,Belgium
909,3/8/2022,22356,Charlotte Bag Pink Polkadot,7.24,10,12423,Belgium
910,3/9/2022,20724,Red Retrospot Charlotte Bag,7.24,10,12423,Belgium
911,3/10/2022,23204,Charlotte Bag Apples Design,7.24,10,12423,Belgium
912,3/11/2022,21108,Fairy Cake Flannel Assorted Colour,7.24,18,12423,Belgium
913,3/12/2022,22252,Birdcage Decoration Tealight Holder,7.24,12,12423,Belgium
914,3/13/2022,22807,Set Of 6 T-Lights Toadstools,6.19,6,12423,Belgium
915,3/14/2022,23084,Rabbit Night Light,6.19,24,12518,Germany
916,3/15/2022,21559,Strawberry Lunch Box With Cutlery,6.19,6,12518,Germany
917,3/16/2022,21506,Fancy Font Birthday Card,6.19,12,12518,Germany
918,3/17/2022,22716,Card Circus Parade,6.19,12,12518,Germany
919,3/18/2022,22556,Plasters In Tin Circus Parade,6.19,12,12518,Germany
920,3/19/2022,22328,Round Snack Boxes Set Of 4 Fruits,6.19,6,12518,Germany
921,3/20/2022,22730,Alarm Clock Bakelike Ivory,6.19,4,12518,Germany
922,3/21/2022,22633,Hand Warmer Union Jack,6.19,12,12518,Germany
923,3/22/2022,22326,Round Snack Boxes Set Of4 Woodland,6.19,6,12518,Germany
924,3/23/2022,10125,Mini Funky Design Tapes,6.19,20,12518,Germany
925,3/24/2022,23367,Set 12 Colour Pencils Spaceboy,6.19,24,12518,Germany
926,3/25/2022,22551,Plasters In Tin Spaceboy,6.04,12,12518,Germany
927,3/26/2022,22554,Plasters In Tin Woodland Animals,6.04,12,12518,Germany
928,3/27/2022,22549,Picture Dominoes,6.19,12,12518,Germany
929,3/28/2022,23388,Woodland Mini Backpack,6.19,4,12518,Germany
930,3/29/2022,23390,Dolly Girl Mini Backpack,6.19,4,12518,Germany
931,3/30/2022,23389,Spaceboy Mini Backpack,6.19,4,12518,Germany
932,3/31/2022,23535,Wall Art Bicycle Safety,6.19,12,14051,United Kingdom
933,4/1/2022,22699,Roses Regency Teacup And Saucer,6.19,12,14051,United Kingdom
934,4/2/2022,22698,Pink Regency Teacup And Saucer,6.19,12,14051,United Kingdom
935,4/3/2022,22697,Green Regency Teacup And Saucer,6.19,12,14051,United Kingdom
936,4/4/2022,22633,Hand Warmer Union Jack,6.04,18,14051,United Kingdom
937,4/5/2022,15056N,Edwardian Parasol Natural,6.19,36,14051,United Kingdom
938,4/6/2022,23439,Hand Warmer Red Love Heart,6.19,36,14051,United Kingdom
939,4/7/2022,48138,Doormat Union Flag,6.19,10,14051,United Kingdom
940,4/8/2022,21523,Doormat Fancy Font Home Sweet Home,6.19,10,14051,United Kingdom
941,4/9/2022,21877,Home Sweet Home Mug,6.19,12,14051,United Kingdom
942,4/10/2022,21871,Save The Planet Mug,6.19,18,14051,United Kingdom
943,4/11/2022,22798,Antique Glass Dressing Table Pot,6.19,36,14051,United Kingdom
944,4/12/2022,23173,Regency Teapot Roses,6.19,6,14051,United Kingdom
945,4/13/2022,22423,Regency Cakestand 3 Tier,6.19,10,14051,United Kingdom
946,4/14/2022,22664,Toy Tidy Dolly Girl Design,6.19,20,16558,United Kingdom
947,4/15/2022,22721,Set Of 3 Cake Tins Sketchbook,6.19,12,16558,United Kingdom
948,4/16/2022,72800E,4 Ivory Dinner Candles Silver Flock,6.19,12,16558,United Kingdom
949,4/17/2022,23313,Vintage Christmas Bunting,6.19,10,16558,United Kingdom
950,4/18/2022,22952,60 Cake Cases Vintage Christmas,6.19,24,16558,United Kingdom
951,4/19/2022,22909,Set Of 20 Vintage Christmas Napkins,6.04,12,16558,United Kingdom
952,4/20/2022,23298,Spotty Bunting,6.19,3,16558,United Kingdom
953,4/21/2022,23598,Paper Bunting Vintage Party,6.19,6,16558,United Kingdom
954,4/22/2022,16169E,Wrap 50'S Christmas,6.19,25,16558,United Kingdom
955,4/23/2022,23351,Roll Wrap 50'S Christmas,6.19,12,16558,United Kingdom
956,4/24/2022,23350,Roll Wrap Vintage Spot,6.19,24,16558,United Kingdom
957,4/25/2022,22865,Hand Warmer Owl Design,6.19,24,16558,United Kingdom
958,4/26/2022,22632,Hand Warmer Red Retrospot,6.19,12,16558,United Kingdom
959,4/27/2022,22835,Hot Water Bottle I Am So Poorly,6.19,4,16558,United Kingdom
960,4/28/2022,22112,Chocolate Hot Water Bottle,6.19,6,16558,United Kingdom
961,4/29/2022,23355,Hot Water Bottle Keep Calm,6.19,4,16558,United Kingdom
962,4/30/2022,22314,Office Mug Warmer Choc+Blue,6.19,24,16558,United Kingdom
963,5/1/2022,22313,Office Mug Warmer Pink,6.19,12,16558,United Kingdom
964,5/2/2022,23084,Rabbit Night Light,6.19,18,16558,United Kingdom
965,5/3/2022,20831,Gold Photo Frame,6.19,12,16558,United Kingdom
966,5/4/2022,21115,Rose Caravan Doorstop,6.19,8,16558,United Kingdom
967,5/5/2022,21462,Nursery A B C Painted Letters,7.24,8,16558,United Kingdom
968,5/6/2022,22076,6 Ribbons Empire,7.24,24,16558,United Kingdom
969,5/7/2022,22190,Local Cafe Mug,7.24,24,16558,United Kingdom
970,5/8/2022,22215,Cake Stand White Two Tier Lace,7.24,6,16558,United Kingdom
971,5/9/2022,22220,Cake Stand Lovebird 2 Tier White,7.24,6,16558,United Kingdom
972,5/10/2022,22464,Hanging Metal Heart Lantern,7.24,12,16558,United Kingdom
973,5/11/2022,22465,Hanging Metal Star Lantern,7.24,12,16558,United Kingdom
974,5/12/2022,22539,Mini Jigsaw Dolly Girl,7.24,48,16558,United Kingdom
975,5/13/2022,22544,Mini Jigsaw Spaceboy,7.24,48,16558,United Kingdom
976,5/14/2022,23438,Red Spot Gift Bag Large,6.19,12,16558,United Kingdom
977,5/15/2022,23437,50'S Christmas Gift Bag Large,6.19,12,16558,United Kingdom
978,5/16/2022,20719,Woodland Charlotte Bag,6.19,33,17497,United Kingdom
979,5/17/2022,20723,Strawberry Charlotte Bag,6.19,42,17497,United Kingdom
980,5/18/2022,20724,Red Retrospot Charlotte Bag,6.19,55,17497,United Kingdom
981,5/19/2022,21212,Pack Of 72 Retrospot Cake Cases,7.24,7,17497,United Kingdom
982,5/20/2022,21238,Red Retrospot Cup,7.24,8,17497,United Kingdom
983,5/21/2022,21242,Red Retrospot Plate,7.24,2,17497,United Kingdom
984,5/22/2022,21479,White Skull Hot Water Bottle,7.24,25,17497,United Kingdom
985,5/23/2022,21481,Fawn Blue Hot Water Bottle,7.24,1,17497,United Kingdom
986,5/24/2022,21481,Fawn Blue Hot Water Bottle,7.24,1,17497,United Kingdom
987,5/25/2022,21484,Chick Grey Hot Water Bottle,7.24,1,17497,United Kingdom
988,5/26/2022,21668,Red Stripe Ceramic Drawer Knob,7.24,1,17497,United Kingdom
989,5/27/2022,21670,Blue Spot Ceramic Drawer Knob,7.24,1,17497,United Kingdom
990,5/28/2022,21671,Red Spot Ceramic Drawer Knob,7.24,1,17497,United Kingdom
991,5/29/2022,21672,White Spot Red Ceramic Drawer Knob,7.24,6,17497,United Kingdom
992,5/30/2022,21673,White Spot Blue Ceramic Drawer Knob,7.24,1,17497,United Kingdom
993,5/31/2022,21714,Citronella Candle Garden Pot,7.24,2,17497,United Kingdom
994,6/1/2022,22110,Bird House Hot Water Bottle,7.24,7,17497,United Kingdom
995,6/2/2022,22111,Scottie Dog Hot Water Bottle,7.24,5,17497,United Kingdom
996,6/3/2022,22112,Chocolate Hot Water Bottle,7.24,13,17497,United Kingdom
997,6/4/2022,22114,Hot Water Bottle Tea And Sympathy,7.24,48,17497,United Kingdom
998,6/5/2022,22197,Popcorn Holder,7.24,68,17497,United Kingdom
999,6/6/2022,22355,Charlotte Bag Suki Design,7.24,110,17497,United Kingdom
